cleaned_sequence,Scores CRISPRedict
TTCTGTCACCAATCCTGTCCCTAGTGGCCC,0.168
CACACTCCCCAACCCCATCCCTAGGGGTTC,0.609
CACTCTCCCCAACCCCATCCCTAGGGGTCC,0.26
ACGCCACACTAATCCTGTCCCCAGAGGCAG,0.547
TTCTGTCACCAATCCTGTCCCTAGTGGCCC,0.315
CACTCTCCCCAACCCCATCCCTAGGGGTCC,0.533
CACACTCCCCAACCCCATCCCTAGGGGTTC,0.667
ACGCCACACTAATCCTGTCCCCAGAGGCAG,0.498
CCCCACCACCCACCCTGTCCCAAGGGGCTC,0.109
GCAGCTCAACAACCCTGTCCCTAACGGTGG,0.256
GGGGGCCACAAATCCTGTCCCTGGAGGGTC,0.329
AAAAGGGAACCCAGCGAGTGAAGACGGCAT,0.302
ATCTGTCCCCTCCACCCCACAGTGGGGCCA,0.528
TTCTGACCTCTCCACCCCACAGTGAGGGGA,0.263
ATCTGTCCCCTCCACCCCACAATGGGGCTG,0.339
CAGTACCCCCCCCACCCCACAGTAAGGCGG,0.457
CAGTGTCCCATCCACCCCACAGAGTGGCAC,0.377
GGTAATCCACTCCACTCCACAGTGGGGGGC,0.317
GCTGATCACCTCCACCTCACAGTGTAGCTT,0.307
CTTGGTCCCCTTGGCCCCACAGTGGGGCTG,0.252
CAAAGTCTACTCCACCCCACAGTGGAGCAC,0.432
AGAATCCCCGCCATCCCCACAGTGTGGTTT,0.42
CCAGGGCCCCCCCACCCCACAGCAGGGCTT,0.308
GCACTTCCCCACCACCCCACAGCAGGGAGA,0.233
CGGCTGCCCTCCAGCCCCACAGTGAGGGCA,0.387
AACCATCCCCCACCCCCCACAGTAGGGCTG,0.311
TTGCAGCCCCTCCACCCCACAGTGAGAGAG,0.097
AGTGCCGCCCTCCACCCCACAGGGTGGCCA,0.457
AATAGCCCCCACCACCCCATAGTGAGGAGA,0.533
TATGCGCCCCCCTACCCCACAGTAGGGAAC,0.405
CGCCTCCCCCAACACCCCACAGTGTGGCCC,0.612
GCGGGTCTCCTCTACCCCACAGGGTGGGAC,0.307
ACGTGACCCCAACACCCCACAGTGTGGCAA,0.534
ACCACGCCCCTCCCACCCACAGTGAGGCTC,0.243
CTAGATCCCCTACACCCCACAGCCAGGGGA,0.488
CTCACATCCCTCCACCTCACCGGGAGGCCC,0.689
ACTCCAGCCCTCCAACCCACAGTGTGGGAG,0.721
CACTGCCCCCCCAACCCCCCAGTGAGGTGA,0.467
TTCAGCCCCACCCACCCCACAGTGCAGCTG,-0.115
CCTGGTCCCCCCCCCCCCACAGGGTGGCCT,0.351
TGAAGTTCCCCCCACCCAACAGTGAGGGGG,0.474
AGTATTTCCCCCCACCCCACAGTTGGGCCC,0.382
CTATATCCCCAGCACCCCACAGAGAGGTGT,0.621
CTCTGCCCTCTCCACCCCACAGCCTGGCCA,0.534
CCATCAGCCCTCTACCCCACAGTGTAGCCA,0.189
TGGAATTCCATGCACCCCACAGTGGGGCAG,0.406
GCATGTGCACTCCACTCCACAGTGAGGATC,0.493
CATGCCCCCCCCTACCCCACAGTGCGGGTC,0.187
GGGCTCAGTCTCCACCCCACAGTGGGGCGG,0.504
ATTTATCTCCTCCTCCCCACAGTGCAGCAA,0.45
AGGGTGCCCTTCCACCCCACCGTGAGGTCT,0.489
AGCTTCCCTCCCCACCCCACAGTAAGGCAT,0.461
CCCCTCCCCCTCCCCCCCAAAGTACGGTGT,0.44
CCATGTCCCCTCTCCACCACAGTGAGGACC,0.189
CTAGGCTCACTCCTCCCCACAGTGAGGCTG,0.346
AAACACACCCCCCACCCCAAAGTGGGGAGT,0.33
GGTCACCCCCTCCTCCCCACAGCAGGGGGC,0.605
CCTCTGCCCCTCTGCCCCGCAGTGGGGGCA,0.022
CGCCCTGCCCCTCACCCCACAGTGGGGATC,0.529
CCCTGTCCCCAGCAGCCCACAGTGGGGCCT,0.312
GAGAAACGCCTCCACCCCACAGGGAGGCAC,0.604
GGCTATCACCTCCATCCCACAGTGTGAGGC,0.258
CAATCTCACCTCCACCCCACAGAGGAGGAC,0.496
CTCTGCCCCCTCCACCCCACAGCCCGGGGG,0.314
CTCTGCCCTCTCCACCCCACAGCCTGGCCA,0.337
GTCAGGGACCATCAGGGACAGGATGGGACG,0.273
CAGTGGGGCCACTAGGGACAGGATTGGTGA,0.334
ACTGGGGGCTTCTAAGGACAGGATGGGGGA,0.273
GCCCTGGGGCCACAGGGACAGGTTTGGTCA,0.282
TACAATGGCCACTAAGGACAGGAAAGGTGT,0.477
ACTTGGGGCCCCTGGGGACAGAATGGGAGC,0.494
CATAGAGGCCACCAGGGACAGGCTGGGGTG,0.384
TAAGGGGGCCAATTAGGACAGGATGGGTAA,0.442
AAGCCAGGCCACCAGGGTCAGGATGGGAGG,0.112
TGATGGGGCTATATGGGACAGGATGGGACT,0.388
TCCCGGGGATGCTAGGGACAGGATGAGATG,0.696
ACAGGGGGGACAGAGGGACAGGATGGGGAG,0.358
TGAGTGGGGCCACAGGGGCAGGATTGGTGG,0.312
ACAGGGTGCCACCAGGGAGAGGATGGGGTA,
GAGAGAGGCCATAAGGGACAGGGTGGGGTC,
CAGCAGGGACACCAGGGACAGGATAGATGG,
TTGGAAGGCCATAGGGGACAGGATGGGGCC,
TCCAGGGGCAACTAGAGACAGGAAGGGAAC,
AGCCGGGGGCCACAAGGGCAGGATGGGCCC,
ATCCAGTGCCAACAGGGACAGGATGGGAGG,
AAGGGAGGACACCAGGGCCAGGATGGGAGG,
GGTCAGGGGCAGAAGGGACAGGATGGGTGG,
AGGAAGAGCCACAAAGGACAGCACAGGCAT,
CCTGGGGGTCAGCAGGGGCAGGATCGGGCA,
CTGGGGGCCAGGGAGGGACAGGATGGGCTG,
ATGAACTGCCTCTAGGGACAGGATAGGATC,
GTGAGGGGCCAGTAGGGAGAGGATAGGAGA,
ACCTGGGGCTGCCAGGGACAGGCTGGGATC,
GAGAGGAGACATTAGGGACAGGATAAGGCA,
GAACGGGGGAACTAGTGACAGGATAGGGGC,
GTAAGGGCCACCCAGGGACAGGGTGGGGTT,
TGAGGGGGTCACTGGGGACAAGATTGGGAT,
ACCAGAGCCACATTAACCGGCCCTGGGAAT,
GTGTGAGCCACTGTACCCGGCCCTCGGGAG,
ACATGAGCCACCATGCCCAGCCTTGGGTAT,
GCGTGAGCCACTGTGCCCGGCCCTTATTTT,
ACCAGAGCCACATTAACCGGCCCTGGGAAT,
ACATGAGCCACAGTAACCGGCCCATTGGGT,
ACCAGAGCCACATTAACCGGCCCTGGGAAT,
CCCAGCTCGGGGACACAGGATCCCTGGAGG,
GCACACTAGGGGAAACAGGATCCCTGGGCA,
AGCTCCTGGAGGACACAGGATCCCTGGCCT,
CCACACTCAGGAACACAGGATCCCAGGAAA,
ATGAGCCTGGGGACTCAGGATCCCAGGAAC,
AGGGAGCAGGTGACACAGGATCCCGGGCAC,
TCCCCCTCAGGGACACAGGAGCCCAGGGGG,
TGGGTGCAGGGGACACTGGATCCCTGGTGT,
CATCAGACAGGGACACAAGATCCCCGGCAG,
CCACAATCGAGCACACAGGATCCCTGGGAC,
GTGTGCTCAAGAACGCAGGATCCCTGGCAA,
GCTGGCGAGGGGACACAGGAGCCCGGGTGC,
GGCTGGCTCGGGGCACAGGATCCTGGGTGG,
GGGTACTCAAAGACACAGAATCCCAGGATA,
TGAGTGGTGGGGACATAGGATCCCAGGGTA,
AGGGGGCTTGGGACACAGGATACCGGGCAG,
AGTATGTAGGGGACACAGGATCCTTGGGGT,
GAGAGGGCGAGGACACAGGATTCCAGGCGG,
CCAAACTCGGGGGCCCAGGATCCCAGGGCA,
CATAGGCTGGGGACACAGGATCCTGGCCTG,
AAACGGCAGTGGACACAGGATCCCTGGAAA,
TGCCTTCTGGGAACACAGGATCCCCAGCAC,
GTGAGGAGGGGGACACTGGATCCCGGGAGG,
GCCGGGACGGGGACCCAGGGTCCCAGGCTG,
ACCCTCCCGGAGACACAGGATCCAGGGTGG,
CTGAATGAAGGGACACAGAATCCCAGGCAA,
TGGAGCTTGGGAACACAGGATCATGGGATC,
AGTGAGCATGGGACACAGGATCCCTGACTT,
TTGGACTCGGGTGGCCAGGATCCCAGGCTA,
AGTCACTCAGGGACACAGGTACCCGGGAAT,
GGGAGGCTGAGGATACAGGATCCCTGGAAC,
CTGGCTGTGGGGACACAGAACCCCTGGGGC,
GGGAGCTGGGGGTCCAAGGATCCCCGGGTC,
CTCTGCCTGGGGACACAGGGCCCCAGGCCT,
CACAAGTCGGGGTCCCAGGATCCCTGGGCT,
GACAGTTAAAGGACACAGGACCCCAGGGGC,
AAGGCCTGGGGGAAGCAGGATCCCTGGGAC,
GGCAAAGCGGGGACCTAGGATCCCAGGTCA,
TGCAGGCTGGGGACACAGGCTCCCTGGTGG,
CCAGCAGAGGGGATTCAGGATCCCGGGGTG,
CAGAACTCAGGGACAGAGGAGCCCCGGCAG,
GGGCACTCAGGGACCCAAGATCCCTGGGTT,
CCCAGCTCGGGGACACAGGATCCCTGGAGG,
GCACACTAGGGGAAACAGGATCCCTGGGCA,
CCACACTCAGGAACACAGGATCCCAGGAAA,
AGCTCCTGGAGGACACAGGATCCCTGGCCT,
ATGAGCCTGGGGACTCAGGATCCCAGGAAC,
TGGGTGCAGGGGACACTGGATCCCTGGTGT,
CCACAATCGAGCACACAGGATCCCTGGGAC,
AGGGAGCAGGTGACACAGGATCCCGGGCAC,
GTGTGCTCAAGAACGCAGGATCCCTGGCAA,
GCTGGCGAGGGGACACAGGAGCCCGGGTGC,
TCCCCCTCAGGGACACAGGAGCCCAGGGGG,
AGGGGGCTTGGGACACAGGATACCGGGCAG,
GAGAGGGCGAGGACACAGGATTCCAGGCGG,
GGCTGGCTCGGGGCACAGGATCCTGGGTGG,
GGGTACTCAAAGACACAGAATCCCAGGATA,
CATCAGACAGGGACACAAGATCCCCGGCAG,
AGTATGTAGGGGACACAGGATCCTTGGGGT,
CCAAACTCGGGGGCCCAGGATCCCAGGGCA,
TGAGTGGTGGGGACATAGGATCCCAGGGTA,
TGGAGCTTGGGAACACAGGATCATGGGATC,
CATAGGCTGGGGACACAGGATCCTGGCCTG,
GGGAGGCTGAGGATACAGGATCCCTGGAAC,
ACCCTCCCGGAGACACAGGATCCAGGGTGG,
TGCCTTCTGGGAACACAGGATCCCCAGCAC,
AGTGAGCATGGGACACAGGATCCCTGACTT,
GTGAGGAGGGGGACACTGGATCCCGGGAGG,
AAACGGCAGTGGACACAGGATCCCTGGAAA,
CCGGGCGAGGGGACCCGGGATCCCGGGAGG,
ATGAGACAGGGGACAAAGGATCCTAGGCAA,
GCTTACTAGGGGACACAAGATCACTGGGAT,
GGCAAAGCGGGGACCTAGGATCCCAGGTCA,
GCGAGGACGGGGACAGGGGATCCCGGGGAA,
CTGGCTGTGGGGACACAGAACCCCTGGGGC,
TTGGACTCGGGTGGCCAGGATCCCAGGCTA,
AGTCACTCAGGGACACAGGTACCCGGGAAT,
CAGAACTCAGGGACAGAGGAGCCCCGGCAG,
GGGAGCTGGGGGTCCAAGGATCCCCGGGTC,
CACAAGTCGGGGTCCCAGGATCCCTGGGCT,
TTTCCCTGGGGAACACAGGATCCTGGGCCC,
TAGTGGCCCCACTGTGGGGTGGAGGGGACA,
TAGCAGCCCCATTGTGGGGTGGAGGGGACA,
TCATGGCCCCACAGAGGGGTGGGGAGGCCT,
GCTTGGCACCACAGTAGGGTGGATGGGTCC,
GGAGGGCCCCAAACTGGGGTGGAGGGGGTA,
GCAGGGCCCCGCTGCAGGGTGGGGAGGGGG,
GCCAGGCCCCACAGGGAGGTGGAGGGGCTC,
GAAGGGCCCTGGTGAGGGTTGGAGGTGTGC,
GAGTGCCCCCACTGCGGGGCAGAGGGGCAG,
TAGTGGCCCCACTGTGGGGTGGAGGGGACA,
TAGCAGCCCCATTGTGGGGTGGAGGGGACA,
GGAGGGCCCCAAACTGGGGTGGAGGGGGTA,
TCATGGCCCCACAGAGGGGTGGGGAGGCCT,
GAGTGCCCCCACTGCGGGGCAGAGGGGCAG,
ACATGCTGTCCTGAAGTGGACATAGGGGCC,
CAGGACAGCCCTGCAGTGGACATACGGCAT,
GATGGCTGCACTGAAGGGGACATAGGGGAG,
TATACCAGTCCTGAGGTGGACATAAGGTCC,
TTGTAGTGTCCTCAAGTGGACATATGGAGC,
TACTCCTGTACTGAAATGAACATACGGTAA,
TCCAGGTCTCCTGAAGTGGACATGGGGCAT,
TTCTACTATCCCGAAGTGGACATTTGGAGC,
TTCGGGCCGAGATGTCTCGCTCCGTGGCCT,
GAGAGAGTAGCGCGAGCACAGCTAAGGCCA,
CAAAGAGCAGAGCAAGTACAGCTAGGGATG,
CTAAGGCCACGGAGCGAGACATCTCGGCCC,
TCTGGGCGACAGAACGAGACATCTCGGGCG,
CCTGGGCAACAGAGCGAGACAACTGGGCAA,
TATTGATGCTATTCAGGATGCAGTTGGACC,
CCAAAGTGCTATTCAGGATGCTGTGGGGGC,
CCCTTTTGCAACCCAGGATGCAGTGGGCAG,
GGTGCCAGCTATTCAGGATACAGTTGGGAG,
ACGTAGAGCAACTCAGGATGCAGTAGGGTA,
TGCAGCTGCTACCCAGGAGGCAGTGGGAGC,
TGAAAGTGCTATACAGGAAACAGTAGGTAG,
AGAAACTGCCATTTAGGATGCAGTGGGGGC,
GAATGGCAGAAACCCTGGTGGTCGAGGAGG,
CTGAGGCAGGAACCCTGGAGGTTGAGGTTG,
CAGCCGCAGAAACTCTGGGGGTCGGGGGTG,
CGGGGATTTCCTCCTCGACCACCAGGGTTT,
CCCGCAATTCCCCCTCGACCACCAGGGGGC,
GGTTCGTTTCCTCCTCGGCCACCTCGGCCT,
TCGGGGATTTCCTCCTCGACCACCAGGGTT,
TCGGGGATTTCCTCCTCGACCACCAGGGTT,
TTTTGGGTATTATTGATGCTATTCAGGATG,
GAATGGCAGAAACCCTGGTGGTCGAGGAGG,
CTGAGGCAGGAACCCTGGAGGTTGAGGTTG,
TCCAGACATTAAAGATAGTCATCTTGGGGC,
TATAAGCATTAAAGATACTCATCTAGGCTT,
GACTGTATGGAAAATGAGAGCTGCAGGTGT,
GAGGATAAGGAAAATGAGAGCTGCTGGCTC,
CTATGCTGCCGCCCAGTGGGACTTTGGAAA,
GGACGCTGCCGTCCAGTGGGTCTTTGGCTC,
ACCCACTGTCACCCAGTGGGACTGTGGCAG,
TGGTACTGCTACCTAGTGGGTCTTGGGGAC,
AAGTGATGTCACCCAGTGGGACTTTGGCTC,
TCTCCACACCGCCCCATGGGACTTAGGCAC,
CCCTCATGTCACCCAGTGGGACTTGGGAAC,
CTATGCTGCCGCCCAGTGGGACTTTGGAAA,
GGACGCTGCCGTCCAGTGGGTCTTTGGCTC,
ACCCACTGTCACCCAGTGGGACTGTGGCAG,
AAGTGATGTCACCCAGTGGGACTTTGGCTC,
TGTTTATGCCACCCTGTGGGACTTGGGAAA,
CCCTCATGTCACCCAGTGGGACTTGGGAAC,
CCGGGCTGCGGCCCAGCGGGACCTGGGCGA,
TGGTACTGCTACCTAGTGGGTCTTGGGGAC,
CTATGCTGCCGCCCAGTGGGACTTTGGAAA,
GGACGCTGCCGTCCAGTGGGTCTTTGGCTC,
ACCCACTGTCACCCAGTGGGACTGTGGCAG,
AAGGGGACAGTAAGAAGGAAAAACAGGTCA,
AGGAAGACAGTAAGAACGAAAGACGGGAGT,
TGCTAGAAAGTAAGAAGGAAAACCTGGATA,
AGAAAGAAAGAAAGAAGGAAAAACTGGCCT,
GAAACATCAGGAAGAAGGAAAAACCGGTAA,
TAGATGAAAGTGAGAAGGAAAAACAGGAAG,
AATGGTACAGTAGAAAGGAAAAACTGGTAA,
GGAAGGACAGTAAAAAGGAAAAGCAGGCTG,
TAAGTAACAGTAAGAAGGAAAAAAAGGAAA,
GGAAATACAGAAAGAAGGAAAAACAGGGAA,
ATGTGGAAAGAAAGAAGGAAAAACGAGGCT,
GCAAGAGAAGCAAGAAGGAAAAACAGGTCA,
TACAGTGGAGTAAGAAGGGAAAACAGGACA,
TAAAAGACAGAAAGAAAGAAAAACGGGTCT,
AGAAGGAAAGGAAGAAGGAAAGACAGGCAG,
ACAAAAACAGTAAAAAGGAAACACTGGTGG,
AACTGGAAAGTAAGAAGGAAAAGAAGGAGA,
AACAGGACAGTAAGAAGGAAGAGCAGGCCG,
AAGACGGAAGTAAGAAGGAAAAAGAGGTGG,
GCACAGAAAGTAAAAAGGAAAAATAGGCAC,
TGTGAGAAAGTAAGAAGGAAAAACAGCCGC,
AAGGGGACAGTAAGAAGGAAAAACAGGTCA,
TGCTAGAAAGTAAGAAGGAAAACCTGGATA,
AGAAAGAAAGAAAGAAGGAAAAACTGGCCT,
AGGAAGACAGTAAGAACGAAAGACGGGAGT,
TAGATGAAAGTGAGAAGGAAAAACAGGAAG,
AATGGTACAGTAGAAAGGAAAAACTGGTAA,
AGAAGGAAAGGAAGAAGGAAAGACAGGCAG,
AACTGGAAAGTAAGAAGGAAAAGAAGGAGA,
TACAGTGGAGTAAGAAGGGAAAACAGGACA,
TAAGTAACAGTAAGAAGGAAAAAAAGGAAA,
TAAAAGACAGAAAGAAAGAAAAACGGGTCT,
GGAAGGACAGTAAAAAGGAAAAGCAGGCTG,
AACGGGAAAGAAAGAAGGAAAATCTGGGAG,
AAGACGGAAGTAAGAAGGAAAAAGAGGTGG,
GCACAGAAAGTAAAAAGGAAAAATAGGCAC,
GGAAATACAGAAAGAAGGAAAAACAGGGAA,
CAAGACACTGTAAGAAGGAAAAGCAGGCGT,
CAAGGGACAATAAGGAGGAAAGACAGGACA,
ACAAAAACAGTAAAAAGGAAACACTGGTGG,
TGACAGATAGTAAGAAGGAAAAGTTGGCAG,
GAGAGGACAGCAAGAAGGAAAGCCGGGCAG,
AAGGGGAAAGAAAAAAGGAAAAACAGGTGA,
AACAAAACAGCAAGAAGGAAATACGGGGAT,
CTGGGGTTAGTAAGAAGAGAAAACAGGGTT,
GAAACATCAGGAAGAAGGAAAAACCGGTAA,
ATAAGAACCATAAGAAGGAAAAACAGGGAG,
AGGAAGACAGAAAGAAGGAAAAAAAGGAAG,
GCCAGGTACCTATCGATTGTCAGGAGGATG,
GCCAGGTATCTATCGATTGTCAGGAGGATG,
TTCTGAGACATATCAATTGTCAGGAGGAAG,
GCCAGGTACCTGTCGATTGTCAGCAGGATT,
GGAGAGGACCTACCACTTGTCAGGAGGCTG,
AAAGGGAACCAATTTTTTGTCAGATGGAAG,
GCCAGGTACCTATCGATTGTCAGGAGGATG,
GCCAGGTATCTATCGATTGTCAGGAGGATG,
TTCTGAGACATATCAATTGTCAGGAGGAAG,
CAATGCACGTGGCCCAGCCTGCTGTGGTAC,
GCCTCCATGTGGTCCAGCCTGCTGGGGTTG,
CCGTCCACGCAGCCCAGCCTGCTGAGGCCT,
CCCTCACACTGGCCCAGCCTGCTGAGGCCC,
CCCGACTCGAGACCCAGCCTGCTACGGCTG,
GGTGGCATGCAGTTCAGCCTGCTGGGGTTT,
GATGTCAGGTGACCCAGCCTGCTGAGGAAT,
GGACGCACCCAGGCCAGCCTGCTGGAGGAT,
CTCTGCTCGGAGCTCAGCCTGCTTAGGGGT,
CAATCCTCCTGCCTCAGCCTGCTGAGTAGT,
CTCACCACGTTGCCCAGGCTGCTCTCAAAC,
CTACCTACCCAGCCCAGCCTGCTCAGGTTC,
CAATGCACGTGGCCCAGCCTGCTGTGGTAC,
GCCTCCATGTGGTCCAGCCTGCTGGGGTTG,
CCGTCCACGCAGCCCAGCCTGCTGAGGCCT,
CCCTCACACTGGCCCAGCCTGCTGAGGCCC,
CCCGACTCGAGACCCAGCCTGCTACGGCTG,
CATGCCACGTGGCCCAGCCCGCTGGAGCAA,
GATGTCAGGTGACCCAGCCTGCTGAGGAAT,
TAGTGAGGTTCACTTGATTTCCACTGGAGG,
ACGTGGCCCAGCCTGCTGTGGTACTGGCCA,
ACGTGGCCCAGCCTGCTGTGGTACTGGCCA,
TGCTGTGGTACTGGCCAGCAGCCGAGGCAT,
CCCTGAGGTACTGGCCAGCAGCCAGGGTCT,
GGCACTGGCACTGGCCAGCAGCCTCGGGGC,
AGGGGTGGTACAGGCCAGCAGCCTGAGCAC,
CAGAAGGGCACTGGCCAGCAGCAGTGGCTG,
GGGCTGGGAACTGGCCAGCAGCCAGGGTGC,
CAGTGCTTCGGCAGGCTGACAGCCAGGTGA,
CAAAGCTGGCGATGCCTCGGCTGCTGGCCA,
ACGTGGCCCAGCCTGCTGTGGTACTGGCCA,
AAGGGACCCAGTCTGCGGTGACATGGGTGA,
TTCAGATAACTACACCGAGGAAATGGGCTC,
ACAAGTTAACTACACAGAGGAAATGGGATT,
GCCACATAACAACACAGAGGAAATTGGAGA,
GTTTTATAACTACATCAAATAAAGGGGAGC,
TTCAGATAACTACACCGAGGAAATGGGCTC,
ACAAGTTAACTACACAGAGGAAATGGGATT,
GCCACATAACAACACAGAGGAAATTGGAGA,
ACAAGATCACTAAACCTAGAAAATAAGAAC,
TGATGCCGTGGCAAACTGGTACTTTGGGAA,
GGGGACTGTGGCAGACTGATACTTGGGACA,
ATTAGCATTTTCTTCACGGAAACAGGGTTC,
ATTAGCATTTTCTTCACGGAAACAGGGTTC,
TATCTCATTTTCTCCACGGAAACAAGGAAG,
TTGAGAAGGTGATGGAGTAGAAGGGGGAGC,
TTAAGAAGATGATGGAGTAGATGGTGGGCA,
GTGGGGAGAAGAAGGAGTAGATGGAGGCTG,
TGACCAAGAAGATGGAGAAGATGGAGGCAG,
AGAGAGAGATGAAGCAGTAGATGGAGGTGG,
ACGGTGCGATGAAGGAGTAGATGGTGGGAT,
AGAAGAAGATGGAGGAGTAGAAGGAGGAGG,
CCTGGGAGAAGATAGAGAAGATGGGGGAGA,
TCACTCAAATGAAGGAGTAGATGGGGGTAG,
TTTTGAAGAATAAGGAGTAGATGTGGGAGG,
CAGGGAAGAGGATGGAGTAGATGAAGGCTA,
ACAAAGAGATGATGGAGAAGATGGAGGGGA,
TGGCCCAGATGATAGAGTAGATGAAGGGGC,
ATGGGGAGATGGTGGAGTAGAGGGGGGAGT,
GGAGGAGGATGAGGGAGTAGAAGGAGGAAG,
TCAGATAGATGAAGGAGTAGGAGGGGGTGC,
TAGTCAAGATGAAAAAGTAGATGGAGGTTT,
ACTTTGAGATGAAGCAGTAGATGGAGGCTA,
GGGGGGAGATGAAGGAGGAGATGGAGGGGA,
TGTGACAGGTGATGGAGTAGATGATGGGCA,
ACATAAAGATGAAAGAGTAGATTGAGGTCA,
ACAGGTAAATGATGGAGTAGGTGGTGGAGT,
ATAGCAAGATGATGGAGTAGAAAGAGGACT,
AGAAGAAGAAGAAGAAGTAGAAGGAGGAGA,
GAGTGGAGATGATGAAGAAGATGGAGGTGA,
TGGGGAGGAAGATGGGGTAGAGGGAGGTTT,
AGAAGAGGAGGATGGAGAAGATGGAGGAGG,
TGTTAAGGATGATGGACTAGATGATGGATG,
GGAGGAAGAAGATGGGGTAGATGAGGGTCA,
ATTTGAAGATGGAAGAGTAGATGTGGGTTC,
TTCTACAGAGAATGGAGTAGAAGGAGGTGG,
GGGTGAAGAGAAAGGAGTAGAAGGAGGGTG,
AGAAAAAGATGAGAGAATAGATGGGGGTCA,
AAAAAAAAAGAATGGAGTAGATGGGGGCTA,
GAAAAAAGAGAAAGTAGTAGATGGGGGAGC,
TTTTGAGTATGATGGAGTAGATTGAGGCAG,
AATAAAAGATGTTGGAGCAGATGGAGGTAC,
AGATGATGATGGAGAAGTAGATGGGGGCCA,
AAAAAAAGGAGAGGGAGTAGATGGTGGTCC,
AGAAGAAGAAGAAGAAGTAGAAGGAGGAGG,
AAACCTAGATGATAGAGTAGATGGTAGAGA,
ACTGGCAGATGCTGGAGTAGAGGGAGGCAG,
GAACAGAGATGAGGGACTAGATGAGGGGAG,
CAAATTAGAGGATGGAGAAGATGGAGGCTG,
CTATAAAAATGATGGAGTAGAAGGAAGGAG,
GGATGCAGAGGATGGAGTAGAAGGGGGAAA,
ATGGCAGGATGAAGGAGTAGAGGGAGGAGG,
GGGGTGGGATGATGGAGAAGATGGGGGACA,
GGTAGAGGGTGAGGGAGGAGATGGAGGGAG,
GAAGGGAGAGGATGGAATAGATGGGAGACT,
AAGAGGAGAAGAAGGAGTAGAAGGAGGAGA,
AGGTGACGATGATGGAGTAGATTAAGGCAG,
AGAAGAAGAAGAAGAAGTAGAAGGAGGAGG,
CCCAGAAGACGAAGGAGTAGATGATGAGGA,
GACAGAAGATGAATGAGTAGATGGGTGGGT,
TAACTCAGAAGATGGAGTAGATGGATGGTG,
GAAAGAAGAAGAAGGAGTAGGAGGAGGAGG,
TGGAAAAGCAGATTGAGTAGATGGGGGAGG,
GATGGAAGACAATGAAGTAGATAAGGGTCT,
AACTAAAGTAAATGGAATAGATGGAGGGGC,
AAAAAAAGATAACAGAGTAGATGGATGGTA,
TGGAGAGGGAGATGAAGTAGATTGAGGTGC,
TAGGAAGAGTGAAAGAGTAGATGGTGGTCT,
AGAAGAAGAAGGAGGAGTAGAAGGAGGAAG,
TGATGAAGAAAATGAAGTAGAAGGAGGCAA,
CCTGGCAGATGAGGAGGTAGATGGAGGCAG,
TCTCAAACATAATGGAGTGGAAGGGGGGAA,
GGGAGGAGATGATGGAGGAGAAGGAGGAGG,
GGCTGAAGATGAGGGAATAGAAGGAGGTTA,
AAGAGAGGATGAGTGAGTAGAGAGGGGTGT,
TGGGGGAGATGATGGAGATGATGATGGTGG,
TTCTGAAGAAAAAGAAGTAGATAGAGGCAG,
GAATGAGGAGGGTGGAGTAGATGGGAGTGT,
AGATGAGGAGGATGCAGAGGATGGAGTAGA,
AATGGATGATGGATGAGTAGATGGGGGATG,
CACAAGAAGAGATGGAGTAGAGGGTGGATG,
CATAGAAGACAGGAGACTAGATGGGGGCTA,
GAAAGAAGATGAAGGAGAAGAAGGAGAAGG,
GGGAGAAGAAGAATGAGTAGATGAAGGAGA,
GGAGGAAGAAGTTGGAGAAGATGGAGGAGG,
GGTTAAAGATGGAGGAGAGGATGGAGGATG,
GTGTAAAGAGAAAGGAGTAGAAGGTGGCAA,
CAGGAAGAATGATAGAGTAGATAAGGGAGA,
GCAGCAAGAAGGTGGAGTAGATGGAAGAGC,
GGGTTTTGATGAGGAAGTAGATGGAGGAGG,
TCCTGCAGAGGAAGGAGTAGAGGGCGGAAG,
AACAGAAAAGGAAGCAGTAGATGGGGGTAA,
GGAGGAAGAAGAGGAGGTAGATGGCGGAGC,
GATGGATGATGAGTGAGTAGATGAAGGAAG,
TCTCAAAGATAATGGAGTGGAAGGGGGGAA,
CTTAAAAGAAAATAGAGGAGATGGGGGAGG,
CAGAGGAGACAGTGGAGTAGACAGCGGATG,
GTGGGAAAGCAAAGGAGTAGATGGTGGTTA,
TGGAAAAGAAGAAGAAGAAGATGGAGGAAG,
GGAACAAAACAATGGAGTAGATGGAAGGAG,
GCGAGAGGAAGAAGGAAAAGATGGAGGTAG,
TAATGAGGAAAAAGGAGTAGATGAAGGAAG,
GGATGGTGAAGATAGAGTAGATGGAGGCCC,
AATGGAAGATGATGAAATAGAATAAGCAAT,
CCTGGAAGAAGGTGGAGCAGATGGGGGTTA,
TGATGGTGATGATGGAGAAGATGGTGGTCC,
TCAAGAAGAGGAGGAAGAAGATGGTGGAAG,
ACGTAAAGTAGATGAAGTAGATGATGGATT,
AGCAGGAGATGAATGAGTGGATGGAGGAGG,
GGAGGAAGAAGAAGGAGTAGGAGGAGGAGG,
GAGGGAAGAGGCTGGAGAGGATGGAGGCTG,
GAGGGAAGATGAAGGAGTAGGAGAAGGAGA,
AGGAGGAGAGGATGAAGTAGATGCAGGTGG,
GCCAGAGGAGGATGGAGAGGATGGGGGAAG,
GAGACTTGGTGATGGAGTAGATGTAGGGGA,
TCCCTAGGAGGATGGAGTAGAGGGTGGTGG,
AGTGAAAGAAAATCAAGTAGATGGAGGGCA,
 /content/Homo_sapiens.GRCh38.,
TTTGGAAGACTGAGGAATAGATGGAGGTGT,
CAAGACAGAGGAAGGAGTAGATGGGGAAAC,
TCATGGAGATGATGGAGAAGATGGAGACCA,
CAAAACAGATGGCAAAGTAGATGGTGGATG,
TTGGGAAGAATAAGGAGTAGATGAGGAGAG,
AGATGGAGATGATGGAGATGATGGAGATGG,
TGAGGAGGAGGATGGAGAAGTAGGTGGGGG,
GATAAAAGATGAAGGAGAAGATGAAGGGGT,
CAGAGAAGATCACAGAGTGGATGGGGGAGG,
TTGTGGGCAATGGATTGGTCATCCTGGTCA,
CTGAGAAGCATGACGGACAAGTACAGGCTG,
AAGTGCTGACCCCGCTGGGCAGGCGGGGCA,
GCTGGAAGACCCCGCTGGGCAGGCTGGCGA,
GCCTGCAGGCCCCGCCAGGCAGGCGGGCAG,
CTGGTCTGACCCGGCTGGGCAGGGTGGCTG,
AGATCATGACCCCGCTGGGCAGCCTGGCTC,
AGGCGGGGCAGCTCCGGCGCTCCTCGGAGA,
AGCGGCTGCAGAAACAGCAAGCCCAGGAAC,
ATCTGCTGCAGAAACAGCAGGCCCAGGACA,
TCAGGAGGCAGGAACAGCAAGCCCGGGAGT,
ATCTGCTGCAGAAACAGCAGGCCCAGGACA,
AGGTGCTGGAGAAACAGCAAACCCAGGGCA,
TAAGGGAGAGGGAGAGAGGGTTCCTGGAGG,
CTGGGGAGAAGGTGGGGGGGTTCCAGGGCC,
AAAGGAGGAAGGTGTGGGGGTTCCAGGAAG,
TAAGGAAGAAGGCAGGGAGGTTCCAGGCTC,
GGCAAGAGGAGGAGGGAGGGTTCCAGGCTC,
GCGGGGAGGAGGGGAGGGGGTTCCAGGCCG,
CCGTGCAGAAGGCAGAGGGGTTCCAGGGGT,
GACAAAAGAAGGAGGGAGAGTTCCAGGCTT,
TAGTTGAGAGGGAGGGGGAGTTCCAGGCTT,
CCAGGGAGGAGGTGGGAGGGCTCCTGGAAC,
AGATGGAGAAAGAGGAGGAGTTCCGGGCAG,
GCAGGGAGAGAGAGGAGGGGTTCCAGGACA,
TCTGGGTGAGGGTGTGGGGGTTCCAGGACC,
TAGAGGAGAGGGTGGGAGGGTTTCTGGGTG,
GATGGGAGAGGGTGGGGAGGCTCCAGGCAG,
ATGGGGAGGAGGAGGGGTGGTTCCTGGAGT,
AAATGGAGGAGGTGGAGGGATTCCAGGACC,
GAGTGGAGAGGGTGGGAGGGTTCCAGGGGA,
ACTGGGGGAAGGAGGTGGGGTTCCAGGTTA,
AACTGAAGAAGGTGGGAGGGCTCCAGGTGA,
AATAGGAGAAGAGGGAGGGATTCCAGGGGG,
AAAAGGAGAGGGAAAGGGGGGTTCCGGGAA,
GGCCGGTGGAGGTGAGGGGGCTCCAGGGCT,
GCTGGGTGAAGGCAAGGGGATTCCTGGAGA,
TTCCCAGGAAGGTGGGGAGGCTCCGGGCTG,
GAAGGGAGCAGGTAAGGAGGTTCCCGGCCT,
AAGCAGGGAAGGTGGAGGGGCTCCAGGTCA,
TGCATGAGAAAGTAGGGAGGTTCCGGGCAT,
TACTGGAAAAGCTGAGAGGGTTCCTGGAAG,
GAGCAGAGAAGAAGGAGGAGTTCCAGGATG,
ATGTGGAGGAGGAGGAGGAGTTCCAGGAGC,
AGGAGCAGAAGGCTAGGGAGTTCCTGGTAG,
CAAGAGAGAGGGGAGGGAGGTTCCAGGCTC,
CCATGAGGAAGGTGGAGGGGCTCCAGGAGC,
GAGGAGAGAAGAGAGGGGGGTCCCTGGGAC,
AAAGGGAGAAGCAGGGGAGGTTCGGGGACG,
CACTAATGAAGGAGGGGAGGTTCCTGGAGA,
CATGAGAGAAGGTGAAGGGGTTCTGGGTGT,
GTAAGGGGAAGTTGGGGGGATTCCTGGGGT,
AGAGAGAGAGGGTGGAGGGGGTCCCGGGCT,
AGAGGGAGGAGGAGGGAGGATTCCAGGAGG,
TTAGTCAGAAGGTGGGGAGGGTTCCAGGAC,
TATGAGGAGAGGTGGGGAGGTTCCTGGAAC,
TGCATGAGAAAGTAGGGAGGTTCCGGGCAT,
CATGAGAAAAGGTAGGAGGGGTCCAGGCAA,
CTGGGAGCAAGGTGGCAGGGTTCCGGGTGT,
CTTGGGAAAAGGAGGGCGGGTCCCTGGGTG,
CGGTGAAGTGGGTGGGGGGGTTCCGGGGAG,
TGGGGGAGAAGGAGGAGGGGCTCCAGGGCT,
CCCAGGAGGAGGTGGGGAGGGTTCCTGGGA,
TTGGGGTGGAGGCAGGGGGGTCCCTGGGAG,
CTGGGGAAGGGGCGGGGGGGTTCCGGGTAT,
CTGGGAGAGAGGTGAGGGGGTCCCTGGGGC,
ACAGGAAGAAGATCAGGGGATTCCAGGATG,
TGGGAGAGGGGGTGGGGAGGTACCAGGCTC,
GGAAAGGGAAGGACGGGGGATTCCGGGAAA,
AGGAGGAGAAGGAGGAGGGGTGCCAGGATC,
AGAGAGAGAGGGAGAGAGGGTTCCAGGTAT,
TGAGGCAGAGGATGGGGTGGTTCCAGGTAG,
TCAGAGAGGAGGTGAGGGGGCACCGGGCAC,
AGATGGAAAAGGAGGGGGTGGTTCCTGGCA,
AGGTGAAGGTGGCGTTGTCCCCTTCGGTCA,
GGGGGTTGGTGGAGTTGTCCCCTTGGGTGG,
GCGGGAAGGCTGCGTTGTCCCCTAGGGGGC,
GGAAGAAGTTGGCCTTGTCCCCTTGGGGCT,
CCTCTAAGGGAGCGTAGTCCCCTTGGGGAG,
GGAGAAAGGAGGCGTTGTCCCCTGGGGAGG,
AAAGGAAGGCAAAGTTATCCCCTTGGGCAG,
CAGGGCTGGTGGCCTTGTCCCCTTTGGCCC,
GCAGCAAGGCGGCGAAGTCCCCTGCGGGCG,
GTCCACTGGTGGCGTTGTCCCCTGTGGAAA,
GGTGGATGGTGGGGTTGTCCCCATAGGGCA,
CCCTGAAGAGGGCCCAGTCCCCTTTGGAGG,
CTCCTAAGGGGGCGTGGTCCCCTAAGGACG,
ACGGGCGTGACTTCCACATGAGCGTGGTCA,
CCCAGCCCTGCTCGTGGTGACCGAAGGGGA,
AGCTGCAGTCCTCGTGGTGACCGAGGGGTC,
TGTCTACCTGCCCATGGTAACCGAGGGTTT,
GTAGGCTCTGCTTATGGTGACAGACGGCTG,
CGGCTCCCTGCTCACGGTGGCCGAGGGGAG,
AGGCCTGGGGTTCCAGGGCCTGTCAGGAGT,
ACGGGGAGGATTCCAGGGCCTGTAGGGGCA,
GGTGGGGGGGTTCCAGGGCCTGTCTGGGGA,
GGGATTGGGGTTCCAGAGCCTGTCAGGATG,
CATGGGGGGATCCAAGGGCCTGTCTGGGTC,
CGGGGAGGGGAACCAGGGCCTGTCAGGGGG,
CCCCGAGAGGTCCCAGGGCCTCTCTGGAGT,
ACGGGGAGGATTCCAGGGCCTGTGGGGGCA,
GCCTAGGGGATGACAGGGCCTGTCTGGGCT,
CGGAGAGGAGTCCCAGGGCCTGTAGGGGTT,
TCTGGGTGGGGCCCAGGGCCTGCCGGGCAG,
CACTGGGGAGTCTCAGGGCCTGTAGGGGTT,
AGCAGAGGAATCCCAGGCCCTGTCTGGCTT,
TGGCGGGGGGCCTCAGGACCTGTCTGGCCT,
AGCAAGGGGAGCTCAGGGCCTGTCTGGGGC,
TGGTGGTTGGTCCCAGGGCCTGCCCGGTTC,
CGTGAGGGGGCCCCAGGACCTGTCCAGGCA,
AATAAGGGGCTCCCAGGGCCTGCCTGGTTC,
TTATGCGTGGTCCCAGGGCCTGTCTGGGGT,
CCCTGGGGGATTCCCAGGCCTGTCAGGGAC,
GAGTAGGGGGTCCCAGGATCTGTCTGGTTC,
ATCCCGGGGATCCCAGGGCCTGTCCAGGTA,
CTAGAGGAAGTCCCAGAGCCTGTAAGGTGA,
AGTGGGGAAGTACCAGGGCCAGTCAGGCAG,
GGGTGGCGGATCCCAGGGCCTGCCGGGAGA,
GTTGGGGAGGACCCAGGGCCTGTTGGGTGT,
TACCAGGAACTCCCAGGGCCTGTGGGGCAG,
GTCTTCAGGGTACCAGGGCATGTCGGGTGG,
AGCAGTGAGGTTCCAGACCCTGTCTGGCAA,
AAAGAGGGAGTTCAGGGGCCTGTCTGGCTA,
CCAGGGTGGGATAAAGGGCTTGTCTGCATC,
GCCCAGTGGGGCCCAGGGCCTGCCCGGCAC,
GCAAGGAGTGTTCCAGGGCCTGTGGGGATG,
GTCAGGAGGGCACCAGGGCCTGCCAGGAAC,
TTTGGGAGGGTTCCAGGGCCTGGCTGGTCT,
AGGAGGGAGGTCACAGGGCCTGTGGGGAAA,
GAGAAGGAGGTTTCAGGGCCTGCCAGGGCC,
TGTGTGGAGGCTCCAGGGCCTGCCTGGGTT,
AGATGGGAAGGGCCGGGGAGAAGGGAGGGT,
TGGGGAGCAAGTGTGGGGAGAAGGGGGCCA,
CTGAGAGCAGAGCAGGGGGGAAGGGGGCCA,
CCAGGAGCAGGGATGGGGGGAAGGGGGCTG,
CTGGGAGCAGGACTTGGGAGAAGGTGGCAG,
CGCCCTGCAGGGCTGGGAAGAAGGTGGAGT,
AAAAGGGCAGGGCAAGGGAGAAGGAGGCAC,
GTGTGGGCAGGGGAGGGGAGAAGGGGGAAA,
GGAGGAGCAGGGCTGAGGAGAGGGAGGGCG,
GATTGCCCAGGGCTAGGGAGAAGGGGGAGT,
AGTGGAGTAGGGAAGGGGAGAAGGAGGAGG,
CTAGACAGAGGGCTGGGGGGAAGGGGGAAT,
AGTTGACTAGGGCTGGGGAGAAGGAGGCAG,
TGTTTAGCAGGGCCGGGGAGGAGGAGGAGA,
GAATAATCAGGGCAGGGGAGAAGGAGGAGG,
TTGGGGGCAGGGGAGGGGAGAAGGGGGAAG,
CCATGGGCAGAGCTGGAGAGAAGGGGGGCG,
ACAGGAACAGAGCTGGAGAGAAGGGGGCAG,
AGGAAGGCAGGACTGGGCAGAAGGAGGAGC,
TATGGAGCAGAGCCAGGGAGAAGGAGGCTT,
TGCTGAGCACAGCTGGGGAGAAGGTGGGTC,
CTCCAAACAGGACTGGGAAGAAGGAGGCGG,
AATGGGGCAGGCATGGGGAGAAGGGGGTGG,
AGCCAAGCAGAGCTTGGGAGAAGGAGGGAC,
AGGAGAGAAGGGAGGGGGAGAAGGAGGGGG,
CCACGAGCAGGGCTGGGGAGAAGGTGGGGG,
ACGCCTGCAGGGCTGCGGGGAAGGGGGAAT,
CTATGAGAATGGCTAGGGAGAAGGGGGGAA,
AGCAGGGCAGGACTGGGGAGAAGGAGGAAG,
ATGGGAGAAGGGAAGGGGAGAGGGAGGCGG,
GGTTTCCCAGGGCTGGGGAGAAGAGGGAAT,
TGCCTTGCAGGGATAGGGAGAAGGTGGCGA,
AGTAGAGAAGGACTGGGGAGAAGGAGGGAG,
TTGGGGGCAGGGGAGGGGAGAAGGGGGAAG,
AGGTGAGCAGGGCAGAGGGGAAGGCGGCAT,
TGGGCAGCAGGGTGAGGGAGAAGGAGGTCG,
TCTAGGGAAGGGCTGGGGAGGAGGGGGTGG,
AAGGAAGAGGGGTTGGGGAGAAGGAGGATT,
TGTTGAGCAGGGGAAGGGAGAAGGGAGGGG,
GCATTGTCAGGGCTGGGGAGAAGGAGGCCC,
TAGTGTGAAGGGCTGGAGAGAAGGGGGCTA,
GGAAGAACAAGGATGGGGAGAAGGAGGAGG,
TGGTTGACAGGGCTGGGGGGAAGGGGGTAT,
AATGTAGCAGGCCTGGGAAGAAGGAGGCCG,
TTATGAGCAGGGCCAGGGAGAAGGAGGGCA,
AAAGGGGAAGGGATGGGGGGAAGGGGGACT,
CCTGCAGCAGGACTGGGGAGGAGGGGGTGC,
TGGTTACCAGGGATGGGGAGAAGGAGGTCA,
GGAGAAGCAGCGTTAGGGAGAAGGCGGCAC,
TTGAGAGAAGGGCAAGGGAGAAGGGAGCGT,
GCAGGAACAAGGCAGGGGAGAAGGCGGCGT,
GAAAGAGGAGGGGAAGGGAGAAGGAGGAAG,
AGGTCAGCAGGGCTGGGGAGAAGCAGGATG,
CTGGGGGCAGGGGTGGGGGGAAGGGGGGAA,
GGAGGAGAAGGACAGGGGGGAAGGGGGAAC,
AATAGAGCAGGTCTGGGGAGAAGGGAGCAT,
CCAACCGCAGGGATGGGGGGAAGGAGGGGA,
GAAAGAGCAAGGGAGGAGAGAAGGGGGATG,
AACAGAGAAAGGAAGGGGAGAAGGAGGTAG,
GTGGTGGCAGGGCTGGGGAGGAGGTGGAGA,
CAGTTAAGAGGGCCAGGGAGAAGGAGGTGC,
TGAGGAGCAGGGCGGGGGAGAAGGGTGGCT,
GAGAGAGAGGGGCCAGGGAGAAGGAGGTGG,
GTGGTGGCAGGGCTGGGGAGGAGGTGGAGA,
TTCTGAACAGGGTTGGGGAGAAGACGGGGC,
AGGTTATCAGGGCTGAGGGGAAGGGGGTAA,
AATACAAGTGGGCTGGGGAGAAGGAGGAGG,
TCTGCAGCAGGGTTGGGGAGAGGGAGGAAA,
GAGGAAGCATGGCTGGGGAGGAGGGGGGCT,
ACATGAGCAGGATCAGGGAGAAGGGGGCTT,
GGGAAAGAAGGGAGGGGGAGAAGGAGGGAG,
AGTTAGCAAGGGCTGGGGAGAAGGAGGAAT,
TGCTGAGAAGGGTTGGGGAAAAGGGGGAAT,
GGGAAAGCAGGGAAAGGGAGAAGAAGGAAG,
AGAAAAGAAGGGAAGGGGAGAAGGTGGGGG,
AGGTAAGGAGGGCAAGGGAGAAGGAGGAAT,
GAGGCAGCGGGGCTGGGGAGGAGGTGGCAG,
GTGGGTGCAGGGCTAGGGAGGAGGTGGGTG,
AGGACAGCAGGACTAGGGGGAAGGTGGGTT,
ACAGAAGCAGTACTGGGGAGAGGGTGGAGA,
AGGAAAGCAGGCTCAGGGAGAAGGGGGTGT,
GGAGGAGAAGGGGAGAGGAGAAGGGGGACG,
AGGAGAGGAGGGAAGGGGAGAAGGAGGAAG,
GGTAGAGCAGGAGAGGAGAGAAGGAGGCAG,
CTCAGGGCTGGGCTGGGGAGAAGGAGGTTG,
GTAGCAGCAGGGATGGGGAGGAGGGGGACA,
TGGCCATCAGGGCTGGAGGGAAGGAGGCCA,
CGGAGGGCAGGGTTGGAGAGAAGGAGGGGA,
AGCCAGGCAGAGCTGGGGAGAAGTGGGCCT,
AGGCAAGCAGGACTGGGCAGAAGGAGGGGT,
GCTGGAGCAGGGCAAGGGGGGAAGAGGGAG,
CTAGGAGAAAGGCTAGGGAGGAGGAGGAAA,
TGAGGAGCAAGAATGGGGAGAAGGAAGGAG,
GGCAGAGCAGAGCAAGGGAGGAGGGGGAAA,
CACAATTCAGGGCCGGGAAGAAGGTGGCAC,
AGAAAAGAAGGGCTGGGGAGGAGGAGGGCT,
GGAGAAGAAGGGTTGGGAGGAAGGGGGTGC,
AGGGAAGAAAGGATGGAGAGAAGGAGGGGA,
GATGGAGTGGGACTGGGGAGAGGGAGGAAC,
GGGGGCGCAGGGCCGGGCAGAAGGCGGCGA,
GGTGAAGCAGGGTAAGGGAGAAAGGGGTGT,
AACAGGGCAGGGCTGGGGGAAAGGGGGATC,
GAATGAGAAGGGGTGGGGAGAGGGAGGGAG,
ACAGAAGCAGAGCCGGGGGGAAGAGGGTGT,
GGAGGGGAAGGGCAGGGGAGAAGGGAGGGA,
TATGCAGCAGGCCTGGAGAGAAGGTGGAAA,
GGGAGCACAGGGCTGGGGAGCAGGAGGCAC,
GAAGGAGGAGGGCAGAGGAGAAGGAGGGAG,
AGAGGGGGAGGGCAGGGGAGAAGGGGGAAG,
TCTCGTGCAGGGCTCGGGAGAAGAGGGCCA,
CCATGAACAGGACTGGGGAGAAGAGAGGAT,
ACTTGACCAGGGTTGAGGAGAAGGAGGAAC,
GTATGGGGAGGGATGGGGAGAAGGTGGCAT,
CAGGTAGCAGGACTGGGGAGCAGGGGGAGA,
AAGAGAGCAGGGCCTGGGGGGAAGAGGGAG,
GCGAGAACAAGGCTGGGAAGAAGGGAGAGT,
GCAAGGGCAGGGAAGGGGAGAAGAGGGAAG,
ACTAGAGCAGGGAGGGAGAGAAGGGGGGAA,
GTTGGGGTAGGGGCGGGGAGAAGGGGGTGT,
CAGTGAGCAGAGCTGAGGAAAAGGAGGTCA,
ACAAGAGCAGGCCTGGAGAGAGGGAGGTTG,
TGCTAAGCAGGGAAGGGAGGAAGGAGGTGA,
GAGAGAGCAGGGTTGGAGGGAAGGGGGAGC,
GCAGGAGAAAGACTGGAGGGAAGGGGGCAG,
TATGGAGTAGGGGAGAGGAGAAGGAGGAAG,
AAGAGAGCAGGGTCGGGGAGAGGGAGGGAG,
CTCGAAGCAGAGATGGGGAGGAGGTGGGGA,
TGGAGAGCAGTGCTGGCGAGAAGGAGGATT,
GGTGGGGCAGGGCTGGGGAGCAGGAGGATC,
CACAAGGAAGGACTGGGGAGAAGGGAGGTT,
GGAAGAGCAGGTATGGGGAGGAGGAGGAAG,
TGCAAGGTAGGGGTGGGGAGAAGGGGGTTA,
ACTAGAGCAGGGATGAAGAGAAGGGGGCAA,
TGCAGAGCGGAGCTGGGGAAAAGGAGGGCC,
GCAGGAGCAGGTCTGGGGAGATGGTGGGCA,
ACAGGGGCAGGTCTGGGGAGAAGATGGATG,
CTCTGAGCAGGGAGGGGGAGAATGGGGAAG,
AAGGAAGAAGGGAAGGAGAGAAGGAGGGAG,
TCGGTAGCAAGGCTGGGAGGAAGGTGGCTA,
CTCCAGGGCAGGGTGGGGAGAAGGAGGTGA,
GCCAGAGCAGGCCTGGGGTGAAGGAGGCGG,
TCATGGTCAAGGCTGGGGAGAAGGTGGTTA,
AAAGAAGAAGGGAGAGGGAGAAGGAGGAGG,
GCTGGAGAAGGACTTGGGGGAAGGCGGAGC,
AAGGGAGCAGGACTGGGCAGAAGGAGGAAT,
TGTTGAGTAGGGCTGAGGAGGAGGAGGGGC,
GGAGGAGCAGCCCTGGAGAGAAGGGGGTCA,
GGCAGAGAGGGGCTGGGGAGAAGGACGGGG,
GGTGGGGCAGGGCTGGGGAGCAGGAGGATC,
TTTCTGGCAGGGATGGGGAGAAGAGGGTTG,
GAAGGAGCAGGGAAAAGGAGAAGGGGGAGG,
AAGGAAGGAGGGATGGAGAGAAGGAGGAGA,
AGGAGGGAAGGCCTGGGGGGAAGGGGGAGG,
GAAAAAGTAGGGCCAGAGAGAAGGGGGAGG,
GGCTGCCCAGGACTGGGGAGAAGGAGGTAC,
ACACTGGCAGGGCTGGGGAGAAGTGAGGTG,
GTGGGAGCAGCACTGGGGAGAAAGGGGTCT,
CCAGAAGAAGGACTCAGGAGAAGGGGGAAG,
CCTATTCCAGGGCTGGGAAGAAGGAGGAAG,
GCTGGAGCAGGGTAAGGGAGAAGGGAGAAG,
CGGGGAGCAAGGCTGGGGAGACGGTGGGGA,
AGTGTTGGAGGGCTGGGGAGAGGGAGGAAG,
TCAGAATCAGGACTGGGGAAAAGGAGGAAA,
GGTTGGGAAGGGCTGGGGAGCAGGTGGAGG,
AGTAGGGCAGGGCAAGGGAGAGGGAGGAAA,
GCGCTAGCAGGGCTGAAGAGAAGATGGAGG,
GGCTAAGCAGGGGAGGGGAGAAGTGGGGAT,
GAGGAAGAAGGGATGGGGAGGAGGGGGAGG,
GCGGGAGAAGGAAGGAGGGGAAGGCGGTGG,
CTAAGTGCAGGGTTGGGGAGGAGGGGGCTA,
AAGGCAGCAGGGCTGGGCAGAAGGAGGAAT,
GGTAGAGCAGGGTGGGGGAAAAGGAGGAGG,
TGATAAGGAGGGATAGAGAGAAGGGGGAGC,
GGAGGAGAAGGGGTAGGAAGAAGGAGGAGG,
ATGAAAGCAAGGCCAGGGAGAAGTGGGCAG,
CCAGGCGCAGGGCAGGGGAGAAGATGGGGG,
CCAGGTGCAGGGCTGGAGAGAAGGGTGGGA,
GGAGGAGAAGGGAGGAGGAGAAGGAGGAGA,
AAAGAAGAAGGGTAGGGGAGAAGAGGGGAA,
GGGAGGGCAGGGCAGGGGAGAAGAGAGGAG,
GGAGGAGAAAGGATGAGGAGAAGGAGGAGG,
TGTTATGCAGGGACAGGGAGAAGGTGGCTG,
AGTGGAGAAGGGAGGGGGAGGAGGAGGAAG,
GCGGGAGAGGGACCAGGGAGAAGGAGGAGT,
CCCGGGAGAGGGTTGGGGAGAAGGGAGCCC,
GGAAGAGCAGGGATGGGGAGATGGAGGCTG,
CAAGGGGCAGGGGCAGGGGGAAGGTGGTAG,
GGAGGAGGAGGGAGGGGGAGAAGGAGGGGG,
ACAAGAGCAGGGTAGGGGAGAAAGGGGAAA,
CGGGGAGCAGGGGTGGGGAGAGGGCGGCGG,
TAGGGAGCAGGACTGAGGAGATGGGGGAAT,
GAAGGCAGAGGGATAGGGAGAAGGAGGAGG,
CTGAAGGAAGGGCAGGGAAGAAGGGGGTTG,
GGGATGGCAGGGATGGGGAGAAGATGGTCA,
TAGAGAGCAGGGTGGGGAGGAGGCGGGTAG,
TGGTGAGTAGTGCTAGGGAGAAGAGGGGGA,
GGGAGAGGAGAGCTGGGGAGAAGGCAGAAC,
AGAGAAGAAGGGCAGAGGAGAAGGGAGAGG,
TGACTGCCAGGGGCGGGGAGAAGGGGGCAA,
AGGAGAGCAGGCCGGGGGGAAGGGAGCAGA,
GGGAGAGAAGGGGAGGGGAGAGGGAGGGGG,
AGGCCAGCAGGACTAGGGAGAAAGAGGTTT,
AAGACAGCAGGGGTGGGGAGATGGTGGCCA,
GGAGAAACAGGGCCTGGGAGAAGGAGGTGA,
CATAAAGCAGGGCTGCTGAGAAGGGGGTAC,
GGTAGTGCAGGGCTGGGGAGAAGTTGGGAG,
GAAGGAACAGGGCTGGGAAGAAGTAGGGGC,
GGAGGAGAAGGGATGGGGAGGAGGGGGTCT,
CTGGAAGGAGGAATAGGGAGAAGGAGGAAT,
TTACCTGCAGGGTTGGGGAGAAGAGAGTGA,
AAAACTGCAGGGCTGGGGGGAAGTAGGGAA,
AGGGTGGCAGGGCTGGAGGAAAGGAGGTGG,
GGAGCAGAGGGGCTGGGGAGAAGAGGGGCT,
GCATGGGCAGGGCAGGGAGGAAGGTGGTAT,
ATCTGAGCAGGAGAGGGGGGAAGGAGGGAG,
GTCCGCGCAGGGTTGCAGAGAAGGGGGGTC,
TGTGAAGGAGGGCTGGGGAGAAGGGGAAAT,
CCAGGAGCAGGGATGGGGCGGAGGTGGGGG,
GGAGAAGCGGGGCCAGGGAGAGGGGGGCTA,
GCATCATCAGGGCTGGGGAGATGGGGGCTC,
GCATTCACAGGGCTGCGGGGAAGGCGGGAG,
GAAGGGGAAGGGGAAGGGAGAAGGAGGGAG,
ATGAGTTCAGAGCTGGGGAGAAGGAGGAGA,
CTGGAGACAAGGCTGGGGAGAAGGCGGGAC,
AGAGGAGCAGGAATGGGGAGATGGGGGAGG,
GTAGGGGCAGGAATGGGGAGGAGGGGGAGA,
AACTGAGCAGGGTGGGGGAGAGGGAGGAAG,
CATGAGGCAGGGAAGGAGAGAAGGAGGAAA,
GACAGAAAAGGGCAGGGGAGAGGGGGGAAG,
TATAGAGCAAGGTATGGGAGAAGGGGGAGG,
GGAGGAGAAGGGAGGAGGAGAAGGAGGAGA,
GTGGGAACAGGGCAAGGGAGGAGGGGGACG,
AGGCAAGAAGGGCTGTGGGGAAGGAGGAGG,
GAGGAAGCAGAGAGGGGGAGAAGGGAGACT,
AGAGGCGCAGGGGCGGGGAGAGGGGGGTGA,
TCTCTCACAGGGTTGGGGAGAAGGGAGAAG,
GTGAGAGAAGGACTGGAGAAAAGGTGGGCG,
GTAGTGGGAGGGATGGGGAGAAGGTGGTGA,
TCTGCTGCAGGGTCAGGGAGAAGGGGGCAC,
ACTTGAGTAGGGCTGAGGAGAAGCAGGCCC,
TAGTGGAGGGGGCTGGGGAGAAGAGGGAGA,
AAGAAAGCAGGGAAGGGGAGAAGAGTGGCA,
GGACTAGCAGGGCAGGGAGGAAGGTGGGGC,
AGTGGAGCAGGGTAAGGGAGAGGGGGGTTC,
GGAAAAGGAGGGGAAGGGAGAAGGAGGGGA,
TGGGGTGCAGAGCAGGGGAGAAGAGGGTGG,
AAGGAAGCAGGGCCCAGGAGAAGGAGGGAT,
CTTGAAGAAGGACAGGAGAGAAGGAGGAGA,
AGAAAGAGGGGGCCGGGGAGAAGGAGGTAT,
TTGTGAAGAGGGCTGGGGAGAAGGTGATGC,
AGAGGCCCAGGGCTGGGGAGCAGGGGGTCA,
ACTAGAGTAGGGAGGGAGAGAAGGGGGCAA,
AAGTGAAAAGGGGAAGGGAGAAGGAGGAGG,
ACAGGAGGAGGGGTGAGGAGAAGGAGGGGT,
AGGGAAGGAGGGAAGGAGAGAAGGAGGGAG,
CCCAGAGCAGGCTTGGGGGGAGGGAGGGAG,
GAGGAGGAAGGGAGGGGGAGAAGGAGGGGG,
GAGAGAGAAGGGAGGGAGAGAAGGAGGAAG,
GGCAGGGCGGGGCTGGGGGGGAGGCGGCGT,
CCAGGAATAGGGGTGGGGAGAAGCAGGCAG,
GCAAGGAGAGGGCTGGGAAGAAGCCGGAGA,
GGTTACCAGGGGCTGGGGAGAAGGAGGAAA,
AGAAGAAGAGGGACGGGGAGAAGGAGGAAG,
GAGAGGGAGGGCCTGGGGAGAGGGAGGGAC,
AGGGGAGCAGGGGAAGGAAGAAGGAGGAGG,
ATATGAGAAAGGCTGGGGAGAAGGAGAGGG,
GAGAAAGCAGGGAAGGAGAGAAGGAGGGAA,
CTGTGCTCAGGGCTGGAGAGAGGGTGGCGG,
TGAGCAGCAGGGGTGAGGAGAGGGAGGGAG,
GCTAAAACAGGGCTGGGGTGAAGGCAGCTT,
GTTACCCGGGGGCTAGGGAGAAGGGGGAAT,
GCAGAAGCAGGGATGGAGAGAAGTGGGCAC,
GATAGGGCAGGGGAGGGGAAAAGGGGGACA,
TGCTGTGCAGGGCTGGGGAGAACGAGGCAA,
GAGCTAAGCAGGATGGGGAGAAGGAGGGGA,
TGAGTGGCGGGGTTGGGGAGAAGGAGGGAA,
CTGGAAGCAGGAGCTGGGAGAAGGAGGCTG,
GAGGAAGAAGGGCAGGGGAGAAGGCTGGCA,
CTGTGTGCAGGGCGGGGGAGGAGGAGGTGG,
CCCTGAGCAGGACTGGGGAGTGGGAGGATG,
GCCACTGCAGAGCTGGGGAGAAGCGGGTGG,
GCCAGAGCAGGGCTGGGAGAAGGAGGCTTG,
AGAAGAGGAGGGCTAGGGGGAAGAAGGGGG,
GAAAAAGCAGAGCCAGAGAGAAGGAGGAGT,
GGAGAGGCAGGGCCGGGGAGAGGGGGAGAG,
AAAGGAGAAAGGGCGGGGAGAAGATGGCAG,
ACAGGAGAAGGGCTGGGGAGGAGAGGGGCC,
CCATAAGAAGGACTGGAGAGAAGCAGGCCT,
GGAGGAGGAGGGATGGGGAAAAGGAGGATA,
GGTTACCAAGGACTAGGGAGAAGGGGGGAA,
GGGATACAAGGGTTGGGGAGAAGGAGGGAC,
TTGGGGGCAGGAGTGGGGAGAAGGGAGGGA,
ATCCAAGCAGCCCCGGGGAGAGGGAGGCTG,
AATAAAGAAGGGAATGGGAGAAGGGGGTCA,
TGCTCAGCAGAGCTGGGGAGAAGAGCGGAT,
GAAGCCTCAGGGGTGGGGAGAAGGGAGGAA,
GATGAGGCAGGGCAGGAGGGAAGGAGGGAG,
GATGGTGCAGGGTTGGGGAGATGGCGGTCA,
TGACAAGCAGGGGTGGGGAAGAAGGGGGCT,
GAGGGGGAAGGGCCAGGGAGAAAGGGGATG,
AGAGGAGCAGGGCTTGGGAGAGGGTGGTAT,
TGTGCAGCAGGGCTGGGGAGAGGAGGGTCC,
AAGGAAGAAGGGAAGGAGAGAAGGAGGGAA,
TTCTGAGCAGGGAGAGAGAGGAGGGGTTCC,
GAGAGAGAAGGGAAGGGGAGAAAGGGGAGG,
ATCGCAGAAGGGATGGAGAGAGGGGGGCTG,
GAGGAAGGAGGGGAGGGGAGAAGAGGGAAA,
AAGCCAGAAGGGCTGGAGGGAAGGGGAGGT,
AGGTGAACAGGGATGGGGAGATGGGGGACA,
CACCTGGCAGGGCTGGGGAGAAGTGAGACA,
ACAGGAGCGGGGGCGGGGAGGAGGAGGAAG,
AGAGAAGCAAGACTGGAGGGAAGGAAGGTT,
TGCCATGCAGGGCAGGGAGGAAGGAGGTAG,
CGCTGAGCATGGCTGAGGAGGAGGGGGTGC,
AGCAGAGCAGGGGTGAGGAGAATGAGGCAC,
AGAAGGAGCAGGCTGGGGAGAAAGGGGTGA,
CCGGAGTCAGGGCTGGGGGGAAGTTGGTGG,
AAGGGAGCAGAGATGGGGGGAAAGGGGTGC,
TAATGAGCAGGAGTGGGGAGAAGGAAGGAA,
TTCAGGGCAGGGCAGGAGAGAAAGGGGGAG,
TCCCTAGCAGGACTTGGAAGAAGGGGGCAG,
AGGAGAGGAGGGATGGGGAGAAAGAGGGCA,
AGTCTGACAGGGATGGGGAGAAGGGAGACC,
TGAGAAGCAGGGATGGGGTGAAGGTGGCAT,
GTTGAAGTAGGGCAAAGGGGAAGGTGGTAC,
GTGGCGGCACGGCTGGGGAGGAGGAGATCT,
TGGGGAGAAGGGGAAGGGAGAAAGAGGGGG,
AGACAAGCAAGGGTGGGGAGAGGGTGGTGG,
AGAGGAGCAGGGTTGGGGGGAATGGGGTAG,
GAGGAAGTAGGGGTGGGGGGAAGTGGGATG,
CGCACAGCAGAGGAGGGGAGAAGGGGGCGC,
TTAGGAGCCGGGCTGCAGAAAAGGAGGTGA,
GAGGGAGCAGGGTTGGGGAGAGAGAGAGGG,
GGAGAGGCAGGGCTGGGGGGAAAGGGGAGA,
AGGAGAGCAGGGGAGGGGAGAAGAGAGGGG,
ATGGAAGCAGTGCTGGAGAGAAGGAAGGAG,
GCAGAAGCAGGAAAGGGGAGGAGGGGGCTA,
AGAAGAGGAGGGCAGGGGAGAAAGGGGAGG,
CACTGGGCAGGGGCGGGGAGAGGGGGGTAG,
GAAGGAGAAGGAGAAGGGAGAAGGGAGGGA,
AAAGGAGAAAGGACGGGGAGAAGATGGCAG,
GGAAAAGCAGGGGTGGGGGGAAGTGGGGGG,
TGGGGAGCAGGCTAAGGGAGAAGGAAGCTG,
CTGTGAGAAGGGATGGGGAGAAGGGGCTTT,
TTGTAAGAAGGGCTAGGAAGAAGAAGGAGA,
CTGGGTGCAGGGAAGGGAAGAAGGGGGAGG,
CAGGGAGCAGAGAGAGGGAGAAGGAGGAAA,
GCAAGAGAAGGGTGGGAGAGAAGGAGGAGG,
GCCAGAGAAGGGGTGGGCAGAAGGTGGGTT,
CTGTAAGGAGGCCTGGAGAGAAGAGGGCTA,
AAGGAAGCAGAGTAGGGGAGAGGGAGGAGG,
ATAGGAGGAGGCCTGGGAAGAAGGTGGGCA,
AGAAAAGCAAGGCTGGGGAGAAGGGGTGAA,
AGCTTAGCAGGGAGGGGGAGAAGAAGGAAA,
CGTGGGGCAGGGCTGGGGGAAAGGAGGGCC,
ACATGAGCAAGGATGGGGAGCAGGAGGGTG,
AGAAGAGCAGGAGCAGGGAAAAGGAGGAAG,
AAGAAAGAAGGGATGAAGAGAAGGAGGAGG,
TTAGGAGAAGGATTGGGGAGGAGGGGGGTT,
TGGTGAGCAGGGCAGCAGGGAGGGGAGAAG,
AATGAAGCAGGGCTGGGGGAGAGGGTGGGC,
GCTAGAGCTGGGCTGGGGGGATGGCGGCGC,
CATAAAGAAGGGACAAGGAGAAGGTGGGAT,
CCCTGCTCAGGGCTGGGGAGAAGAGGAGAG,
GGAGGAGCAACAGTGGGGAGAAGGTGGCTC,
GGGAGAGCAGGGCCAGGGAGAATGAGGGAG,
GGCTCTGCAGGGCAGAAGAGAAGGGGGGAT,
AGCAAGGCAAGGCTGGGAAGAAGACGGGCA,
TTCCCTGCAGGGTCAGGGAGAAGGTGGCCT,
GAGAAAACAGGGGTGGGGAGAAGGAAGCAT,
ACAGAAGGAGGGGAGGGGAGAAGAGGGGAA,
GAAAGAGCAGGAGTGCAGAGAAGGTGGCAG,
GCCTGGGCAGGGCCGGGGAGTGGGAGGCAG,
TGGTGAGCAGGCTTGGAGGGAAGGGGGAGC,
ATGAGCGCAGGGATGGGGAGAAGGGGTCTT,
GGGAGAGAAGGGATGGAGAGAGGGAGGGAG,
GAGGGAGCAGGTGTGGGCAGAAGGGGGGCC,
AGGCAAGCAGGGATGGAGGGAAGGAGGGAA,
CCAGGAGCCAGGCAGGGGAGAAGGTGGGCT,
CTTCTTCTAGGGCTGGGGAGAAGAAGGCTC,
CTGGGAAAAGGGATGAGGAGAAGGTGGTTA,
AGCTGAGAAGGGATGGGGAGCAGGAGGAAA,
GTGTGGAGAGGGCAGGGGAGAAGGGAGTGG,
TGAGGAGCAGCCTTGGGGAGAAGGGGAGAG,
AGGGGGACAGGGGCGGGGGGAAGGGGGTAA,
ATCAGGAAAGGGCAGGGGAGAAGGAGGGGG,
AATCAAGCAGCGGAGGGGAGAAGGGGGACA,
CAGACAGTAGGGCAGGGGAGAAGGAAGTTG,
AAGAAAGAAAGGAGGGAGAGAAGGAGGGAG,
AGTGGAGGAGGGCTGGGGAGAGGAGGGGAG,
AATAATGCAGGGGTGGGGAGAGGGGGGAGA,
AGAGGAGAAGGAATGGGGAGGAGGAGGAAA,
GAAGGAGAAGGAGAAGGGAGAAGGAGGAGG,
ACGGGAGCAGAGCCAGGGAGATGGTGGCCT,
CCCTGTGCAAGGCTGGGGAGGAGATGGCCT,
GACTGTTGCAGGGTGGGGAGAAGGGGGAGG,
AATAAAAGAGGGCTGGGGAGAAGGGGCCAG,
GAAGCAGCAGAGACGGGGAGAAGACGGAGA,
GGATGGGCAGAGCTGGGGAGCAGGGGGGCT,
AAAGGAGGAGGGCTGGGGAAGAGGAGGCGG,
AGGCGAGCGGGCCTGGGAAGAAGGCGGACC,
CCGGTCGTAGGGCTGGGGAGCAGGAGGAGG,
GTTGGAGCAGGGCTGGGGGAAGAAGGAGGA,
CAACAAGCAGGACTGAGGAGAAGGAGAGAG,
GGAGGAGAAGGGGAGAGGAGAAGGGGGGTA,
AGGAGAGAAGGGATGGTGAGAAGGAGGAAG,
AATGGGGAAGGGGAAGGGAGAAGGGGGAAG,
CCTGAGCTAGGGCTGGAAAGAAGGGGGAGC,
AACTTAGCAGGGTAGGAGAGAAGGGAGAGA,
AGAGAACTAGGACTAGGGAGAAGGTGGTTT,
GGGAGAGCAAGGGAGGGAGGAAGGCGGTGA,
CCTCAAGCGGGGCCGGGGAGAAGAGAGGAC,
AGAGGAGGAGAGCTGGAGGGAAGGAGGAAA,
AGGATAGCAGGGAGGGGGAGAAGGGAGCCA,
TTTCTAGCAGGGCAGGAGAGAAGGGGAGCC,
TGACTAGCAGGGGTGGGAAGAAGGGGACAA,
CCCTGAGAAGACATGGGGAGAAGGTGGCAT,
CCTAAGGCAGCGATGGGGAGAAGGAGGAAG,
AAGGGGGAAGGGGAAGGGAGAAGGGGGAAG,
AGTGGAGCAGGTGGGGGAAGAAGGAGGTGG,
CATAGAGCAGAGCAAGGGAGATGGAGGCCT,
GGTGGAGAAGGGGTGGGGGGAAGCAGGTAG,
GAGGGAGGAGGGAAGGGAAGAAGGGGGAGA,
CATGGAGCAAGGCACAGGAGAAGGGGGTAC,
GCTAGTGGAAGGCTGGGGAGAAGGTGGGGA,
CGTCTAGGAGGGGCGGGGGAAAGGAGGCGG,
GAGCAAGAAGGGAAGGAGGGAAGGAGGCAA,
GAACGGGCAGGGCCAGGGGGAAGATGGGAA,
TTGACAGCAGGGAAGGAGAGAAGAGGGGTG,
TCTGAAGAAGGCCTGGGGAGAAGGCAGTGC,
ACAGCACCAGGGCTGGGGAGCAGGAGGGAG,
TGAGAAGCACCACTGGGCAGAAGGGGGCGC,
GAGGATCCAGGGATGGAGAGAAGGGGGAGT,
CTGCAAAAAGGGGCGGGGAGAAGGCGGGGG,
ATAGAGGCAGGGCAGGAGAAAAGGAGGCAG,
TGGAGAGAGGGACTGGGGAGAAGGTAGTGG,
CTAGGAGCAGGGGTGGGGGGAGGGGGGTGG,
GTAAGGGCAGGGCTGAGGAGAAGGCTGAAG,
GGGCGGGCAGGGGTGGAGGGAAGGAGGAGG,
AGGGAAGCAGAACTAGAGGGAAGGAGGAAG,
TGGGGAGGAGGGCCAGGGAGGAGGAGGGCT,
ATGGGAGCAAGGTCGGGGAGAAGGCGCCAC,
GAAGGCCAAGGGCTGGGAAGAAGGTGGTGA,
AAGGGAGAAGGGCAGGGGGGAAGGGGAAAA,
AATATAGCAGGCCAGGAGAGAAGGAGGATT,
TCAAAAGAAAGATTGGGGAGAAGGGGGAAA,
CACTGAGCAGAGCTGGGGGAGAAAGGGGGT,
AGAGAAGCAGGTCTGGGGGGAAGCTGGCTC,
TCAGGGGAAGGGAGAGGGAGAAGGGGGTAG,
AGAAGGGCAGAGCTGGGGAGAAGCTGGTCT,
GTTTGAACAGGGCGGGGAAGAAGGTGGGGA,
TGCAGAGAAGGGGTGGGGGGAAGACGGTGC,
AGAGGAGAAAGGCGAAGGAGAAGGAGGAAA,
CCTGGAGCAGGGGCAGGGAGAAGAGTGGAG,
CCCAAGGCAGGGCCAGAGAGAAGACGGCGG,
AGAGAGGGAGGGCAGGGGAGAAGGAGGGAG,
GATAGACTAGGGCTGGGCAGAAGGTGGACT,
CTTGAAGCAGGGGTGGGGAGATGGAGGGAG,
GGTGGTGAGGGGCTGGGGGGAAGGTGGGGA,
TGTGGGGCAGGGAGGGAGAGAAGGAGGGAG,
GGGGGAGAAGGCCCGGGGAGACGGGGGGCA,
GGTGAAGCAGGGTCAGGGAGAAGGAAGCTA,
AAGGGAGGAGGGGAAGGGAGAAGGGAGGGG,
TTAGAAGCTGGGACGGGGAGAAGGCGGTTC,
GAATAAGCAGCAATGGAGAGAAGGAGGAAT,
GGCTTGGCAGGGCTGTGGGGAAGGAGGCCT,
TGGTTGCCAGGGATAGGGAGAAGGGGGTGT,
AAGTGACCAGGGTGGGGCAGAAGGAGGTGA,
CAGGGAGCGAGGATGGGGAGATGGGGGGTG,
AAGGGAGAAGGGAGGGAGAGAAGGTGGGAG,
GTCCCACCAGGGTTGGGGAGAAGGGGAGGA,
CAGAGGGCAGGGATGAGGAGAAGCAGGAGT,
TGAAGAGTGGGCCTAGGGAGAAGGGGGAAG,
AGAGAAGAGGGGAAGGGGAGAAGGAGGACC,
GGGGGAGAAGGAGGGGGGAGGGGGAGGGAG,
CAGACAGCAGGGTAGGGGAGAAGCTGGGGA,
ACAGGACCAGGACTGGGGGAAAGGAGGCCC,
AAGGAAGGAAGGGTGGGGAGAAGGTGGAGC,
TAGACAGAAAGGCCAGGGAGAAGGAGGATA,
ATGGGAGCAGAGCAAAGGCGAAGGAAGGGA,
CTCGCAGCAGGGCAGGGAAGAAGCTGGCAT,
GGAGAAGGAGGGCTGGGGAAAAGGAAGCAT,
GCGAGGAGCAGCCTGGGGAGAAGGGGGAAA,
ATTGGAGTGGGGATGGGGGGAAGGGGGGCT,
GGCGGGGCAAGGTTAAGGAGAAGGTGGACA,
ATGGTAGCAGGGGTGGGGGAAAGGGGGGTG,
TTACAAGTGGGGCAAGGGAGAAGGGGGAGG,
AAAGGGAGGGGGTTGGGGAGAAGGAGGAAA,
ATTTGAGTGGGGCTGGACAGAAGGTGGTTA,
TGAGAACCAGGGGTGGGGAGAAGGGGAGGC,
TGCAGAGCAGGGAAGGGGGGAAGGTGACAG,
GCCAGGTCAGGTCTGGGGAGAAGGTGGAGA,
AGTAGAGTAGGGCAAGGGAGCAGGAGGGAA,
GGAGGGGCAGGGGAGGGGAGAGGGGGGCGG,
CCCCCTGCGGGGCTGGGGAGAAGGTGACAC,
GGAAAAGGAGGACTGGGGAGACGGTGGTCA,
AAGGAAGCGGGGCAGAGGAGAAGGGGAAGG,
CCGAGGGCAGGGCTGGGGAGGAGGGAGGCA,
GAAAGAGAAGGGCAGGGGAGGAGGGAGGGC,
CCTGAAACATGGCTGGGGAGAAGGGAGTTG,
GCAGGGGCAGGGGTGGGGGGAAGAGGGGAG,
CCGAGGGCAAGGCCGAGGAGAAGGAGGGCG,
GGAGGGGAAGGGGAGAGGGGAAGGGGGAGG,
GCCGCGGCAAGGCTGAGGGGAAGGTGGAGG,
GGAAGAGAAGGAAGAGGGAGAAGGAGGAGC,
GAGGAAGAAGGAGGAGGGAGAAGGAGGAGG,
GGGAAAGCAGAAATGGAGAGAAGGAGGAGG,
TTCAAAATAGGGTTTGGGAGAAGGGGGCAA,
GTTGGGGAAGGACTGGAGAGAAAGGGGTGG,
GCGGGGGCAGGAGAGGGGAGAAGGCAGCAG,
CATCGCCAAGGGCTGGGCAGAAGGCGGGTG,
AGACATACAGGGCTGAGGGGAAGGAGGGGA,
GTGCCAGCAGGGACAGGGAGAAGGGGATGG,
AGGCAGACAGGGCTGGGGAGACGGAGGCCT,
CTCTGTCCAGGGCTAGGGAAAAGGAGGCTG,
GAATTGAGGGGGCTGGGGAGAGGGTGGCTG,
TTGGTAGGAGGGCTGAGGGGAAGAGGGCTG,
GCGAGAGAGGGGCTGAGGAGAATGGGGGAA,
GTTTGATTAGGCCTGGGGAGAAGGTGGGGG,
GTACTAGCAGGGGTGAGGAAAAGGAGGAAT,
AGGGGAGGAGGGGAGGAGAGAAGGAGGTCA,
AATGGAGCAGGGTAGGGGGAAGGGAGCGGG,
GGGAGACCGGGGCTGGGGGGAAGGGGGGGG,
CCCCAAGCAGGGCAGAGGAGAGGGTGGGGC,
AGAAAAGTGGGGCTGGGGAGAAGCAGGCTT,
AAAGGGCAGGGGCTGGGGAGAAGGAGGGAG,
GGCCGAGCAGAGGTAGGGAGAAGTAGGGAA,
CGCTTCACAGGGCAGGGGAGAGGGGTGGAG,
GGAGGAGCAGGGGGGAGGAGGAGGAGGGAC,
AAGTGAGAAGAGCCAGAGAGAAGGGAGCAA,
CTGGGAGCAGGGCCAGGGAGAGAGGGGCCT,
CAAGGAGAAAGGCCAAGGAGAAGAAGGTAA,
AAGGAAGGAGGGAAGGGGAGGAGGAGGAAG,
TGGGGTACAGGGCTGGGGAGTTGGTGGCAG,
GAAGGAGAAGGGAGGAGGAGAAGGAGGAGA,
TAGTGAGCAGAGCTGGGGAGAGGAAGGCTG,
GGTGAAGCAGGGGAGGGGAGAAGGAAGAAA,
GGCTGGGCAGGGTAGGGGAGATGGAGGGAG,
GCAAGGGCAGGGCAGGGGAGAGGAAGGAGG,
CATAGGGCAAGGCATGGGAGAAGGGGGGCG,
TGGGAAGAAGGACTGGGGCGAAGGGAGAAA,
ACATGCAAAGGGCTGGAGAGAAGGGAGAAC,
CAGGGGGAAGGGCCAGGGAGGAGGAGGGCT,
AAAAAAGGAGGGGTAGAGAGAAGGAGGAGG,
CACAGGCGCCCTGGCCAGTCGTCTGGGCGG,
CTTGAGCGCCCAAGCCAGTCGTTTAGGCCG,
ACGGGCGTGACTTCCACATGAGCGTGGTCA,
CCCAGCCCTGCTCGTGGTGACCGAAGGGGA,
AGCTGCAGTCCTCGTGGTGACCGAGGGGTC,
TGTCTACCTGCCCATGGTAACCGAGGGTTT,
GTAGGCTCTGCTTATGGTGACAGACGGCTG,
AGTGGCCCTCCTCCTGGTGACAGATGGTGG,
ACAAACTCTGCCAGTGGTGACAGTAGGGTC,
GGCTCCCCTGCCCCTGGTGACCATGGGCCT,
ACGGGGAGGATTCCAGGGCCTGTAGGGGCA,
AGGCCTGGGGTTCCAGGGCCTGTCAGGAGT,
GGTGGGGGGGTTCCAGGGCCTGTCTGGGGA,
GGGATTGGGGTTCCAGAGCCTGTCAGGATG,
CGGGGAGGGGAACCAGGGCCTGTCAGGGGG,
CATGGGGGGATCCAAGGGCCTGTCTGGGTC,
CCCCGAGAGGTCCCAGGGCCTCTCTGGAGT,
GCCTAGGGGATGACAGGGCCTGTCTGGGCT,
ACGGGGAGGATTCCAGGGCCTGTGGGGGCA,
TCTGGGTGGGGCCCAGGGCCTGCCGGGCAG,
CGGAGAGGAGTCCCAGGGCCTGTAGGGGTT,
CACTGGGGAGTCTCAGGGCCTGTAGGGGTT,
AGCAGAGGAATCCCAGGCCCTGTCTGGCTT,
CGTGAGGGGGCCCCAGGACCTGTCCAGGCA,
TGGTGGTTGGTCCCAGGGCCTGCCCGGTTC,
AGCAAGGGGAGCTCAGGGCCTGTCTGGGGC,
TGGCGGGGGGCCTCAGGACCTGTCTGGCCT,
ATCCCGGGGATCCCAGGGCCTGTCCAGGTA,
GCAAGGAGTGTTCCAGGGCCTGTGGGGATG,
GAGTAGGGGGTCCCAGGATCTGTCTGGTTC,
GGGTGGCGGATCCCAGGGCCTGCCGGGAGA,
TTATGCGTGGTCCCAGGGCCTGTCTGGGGT,
CCCTGGGGGATTCCCAGGCCTGTCAGGGAC,
CTTTGAAGGATCCCAGGGCCTGTCAGACAC,
AGCAGTGAGGTTCCAGACCCTGTCTGGCAA,
GAGAAGGAGGTTTCAGGGCCTGCCAGGGCC,
TTTGGGAGGGTTCCAGGGCCTGGCTGGTCT,
AATAAGGGGCTCCCAGGGCCTGCCTGGTTC,
AGGAAGGGGGTTCCAGGGCCTATGTGGATT,
AGTGGGGAAGTACCAGGGCCAGTCAGGCAG,
AGGCTGAGGGGGCCAGGGCCTGTCTGGGGC,
CCTGGGGGGACCACAGGGCACGTCAGGCAG,
AGGGAGGGGAACACAGGACCTGTCGGGGGG,
TGTGTGGAGGCTCCAGGGCCTGCCTGGGTT,
GTTGGGGAGGACCCAGGGCCTGTTGGGTGT,
AAAGAGGGAGTTCAGGGGCCTGTCTGGCTA,
CGAAGGTGGAGCCCAGAGCCTGTCTGGAAG,
AGGAGGGGAATACCGGGGCCTGTCGGGGGG,
TTCTGGAAACTTGGCCACTCTATGAGGATA,
TTCTGGAAACTTGGCCACTCTATGAAGATA,
CTTAGGAAGCTTGGCCACTCTACATGGGAA,
CCATGTCTCCCTGATCCATCCAGTTGGTGC,
ATTTCCTTCCTTGATCCATCCAGTCGGCCA,
TCCTATGGCCTTGATCCATCCAGTGGGTAC,
GTGGAGCCCCCTGATCCACCCAGTGGGTTG,
TTTGATCTCTATGATCCATCCTGTTGGGAC,
TCTTAGTTTCCTGATCCATACAGTGGGAGT,
TTGAGGTGGATGATGGTGCCGTCGCGGTCC,
ACTGAGTGGATGATGGTGCCATTGAGGCAA,
AGAAGATGGATGAAGGTGCCATCAAGGGCT,
TTCCATTGGAAGAAGGTGCCGTCTAGGACT,
GGGAGGTGGAGGGTGGTGCCGCCGGGGCCG,
CAGAGGTGGGTGGTGGTGCCATCAAGGGCA,
TTCCAGTCGATGATGATTCCGTTGGAGTCC,
CGGCGGCGCATGATGATGCAGTCCGGGCGC,
AGTGGGTGGATGATGGTGCCATCCTTGGAG,
GGGAAGTGGATGGTGATGCAGTCAGGGAGA,
TTGAGGTGGATGATGGTGCCGTCGCGGTCC,
ACTGAGTGGATGATGGTGCCATTGAGGCAA,
AGAAGATGGATGAAGGTGCCATCAAGGGCT,
GGGAAGTGGATGGTGATGCAGTCAGGGAGA,
GGCTGGAGGGCAATGGTGCCATCTCGGCTC,
GGGAGGTGGAGGGTGGTGCCGCCGGGGCCG,
TTCCATTGGAAGAAGGTGCCGTCTAGGACT,
CCATTCAGGATGATGGTGCAGTCAAGGTGA,
GTGGGGGATCAGGTGACCCATATTCGGATC,
GTGGGGTTCAAGGTGACCCATATTTGGATT,
TGAAATGATCAGATGACCCACATTTGGCAG,
AGCTGGGTCCAGGTGGCCCATATTTGACGG,
TGTCTGGATGAGGAGACCCATAGTGGGTAG,
AGAAGGATTCAAGTGGCCCATATTAGGATT,
CAGTGGAATCAGGTGAAATAGATTAAGAGT,
GTGGGGGATCAGGTGACCCATATTCGGATC,
GTGGGGTTCAAGGTGACCCATATTTGGATT,
TGAAATGATCAGATGACCCACATTTGGCAG,
GCTTACGATCAGGTGACCCTTGTTGGGAGA,
AGCTGGGTCCAGGTGGCCCATATTTGACGG,
TGTCTGGATGAGGAGACCCATAGTGGGTAG,
CTTCCTGAGCAGGTGACTTATATTTGATCT,
AGGGGATTTCTATGACCTGTATGGAGGGGA,
TGGTGATTACTATGACCTGTATGGAGGGGA,
TGGTGATTGCTATGACCTGTATGGAGGGGA,
AGAGCAAATCTAAGACCTGTATGGGAGTGG,
CAGACATTTCTCTGTCCCTTATGGTGCACT,
AAAAGATTTCTAACAGGTTTATGGAGATAT,
GGATGATTTCTAAGACCTGTTATATGAAAT,
GTTGGATATCTATAACCTGAATGAAGGAAT,
TGGTGATTACTATGACCTGTATGGAGGGGA,
AGGGGATTTCTATGACCTGTATGGAGGGGA,
TGGTGATTGCTATGACCTGTATGGAGGGGA,
GCCTAATTCCTAGGACCTATATGGTGGAAG,
AGAGCAAATCTAAGACCTGTATGGGAGTGG,
AGGTGGTTTCACCGAGACCTCAGTGGGCTG,
TGCAGAGACCCTGCTCAAGGGCCGAGGTGT,
CAGAGAGACCCTACTCAAGGGCCCAGGTAC,
AAGAGAGACCTTGCTCAAGGGCAGTGGTTC,
AGAAGTTTGCGACTCTGACAGAGCTGGTGG,
AGAAGTTTGCGACTCTGACAGAGCTGGTGG,
CTCAGCTGGTACACGGCAGGGTCAGGGTTC,
AGTTGCTGTTACACAGCAGGGCCAGGGAGG,
AGCCGCTGTCACACAGCAGGGTCTGGGTTG,
AGGGACTGACACACGCCAGGGTCATGGGTG,
GCTGACTGGTGCAAGGCAGGGTCGGGGCAG,
TCAGTGTGGCACACACCAGGGTCTTGGATG,
GGTTCCTGGCACACAGCAGGCTCATGGTAG,
CACAGCTGGTACACAGCAGGGTAGGGGCAT,
GGGAACTGGCACACTGCAGAGTCAAGGCGG,
GGCTGCTGGGCCACGGCAGGGACAAGGCTT,
CCCAGCTGGCACACAACAGGGGCAGGGGAG,
AAGAGCTGGCACCCAGCAGGGTCAGAGCAG,
TGCCATTGGCACACAGCAGGGTCCTGGTGT,
AGGAGTTGGTACACAGCAGGGCAAGGGGGC,
GGCTGCTGGGCCACGGCAGGGACAAGGCTT,
AGCACCTGGCACATGGCAGGGGCACGGGTC,
GCAGACTGGTATAAGACAGGGTCAGAGAAG,
CATCTGAGGAACACAGCAGGGTCAGGGGAC,
CAGAGCTGGCACACAGCAGAGCCAGGGCTG,
GAGCAATGGCACACGGTAGGGGCAAGGAGG,
CAGAGCTGGCACACAGCAGAGACAGGGTTG,
TTGTGCTGGGGCACGGGAGGGTCATGGAGG,
TTTGGCTGGGGCACAGCAGGGTCTGGGAGT,
CTGAGCTGGAGGACGGCAGGGCCAAGGGAA,
CCCTCCAGGCACACAGCAGGGTCCTGGGCA,
AGGACCTGGCACACAGCAGGGTCTCAGTAA,
GGGTGCTGCAGCACGGCAGGGTCTGGGTAA,
CACACCTGATACACAGCAGAGTCAGGACTT,
GGTTGCTGGGCCACGGCAGGGACAAGGCTT,
GAGAGCTGGGGCACAGCAGGGTTAGGGTTA,
CCTGCCTGAGACACGGTAGGGACAGGGAGC,
GCTTCCCGGTACGCTGCAGGGTCAGGGTCG,
TGCTTCAGGTACACGGCAGGGCCCTGGCCA,
ATGAACTGGTACATGTCAGGGTCAGAGTTT,
TATAGCTGGTAAGTGGTAAGGTCAAGGAGT,
CCTTGCAGGGAGACAGCAGGGTCAGGGAAG,
GTCGGCTGGCAGGGGGCAGGGTCTTGGGAT,
AGCTGCGGGTACACAGCAGGGCCTGGGGCC,
GGAGGATGGTACACAGCAGGGCCCGGGCGA,
TGTGACTGGCACCTGGCAGGGCCATGGTAA,
TGTTCCTGGCACATGGCAGGGCCTTGGCAA,
TATTGCTGGTACAAAACAGGGTCTAAGGAA,
CACTACTGGTAGACGGCAGAGCCAGGGTTT,
CGTGCCTGAGGCACGGCAGGGTCAGGGAGG,
CAGGGCAGGAACATGGCAGGGCCAGGGCCA,
CAGCGCTGGTACACACCAGGCTCAGGGCTC,
CAGAGCTGGTCAGTGGCAGGGTCAGGGTAG,
TTGAGTTGGCACCTGGCAGGGTCAGGGAGG,
CTCAGCTGGTACACGGCAGGGTCAGGGTTC,
AGTTGCTGTTACACAGCAGGGCCAGGGAGG,
AGCCGCTGTCACACAGCAGGGTCTGGGTTG,
AGGGACTGACACACGCCAGGGTCATGGGTG,
TCAGTGTGGCACACACCAGGGTCTTGGATG,
GGCTGCTGGGCCACGGCAGGGACAAGGCTT,
GCTGACTGGTGCAAGGCAGGGTCGGGGCAG,
GGCTGCTGGGCCACGGCAGGGACAAGGCTT,
GGTTCCTGGCACACAGCAGGCTCATGGTAG,
TGCCATTGGCACACAGCAGGGTCCTGGTGT,
CACAGCTGGTACACAGCAGGGTAGGGGCAT,
AGGAGTTGGTACACAGCAGGGCAAGGGGGC,
GGGAACTGGCACACTGCAGAGTCAAGGCGG,
AGCACCTGGCACATGGCAGGGGCACGGGTC,
GGTTGCTGGGCCACGGCAGGGACAAGGCTT,
CTGAGCTGGAGGACGGCAGGGCCAAGGGAA,
CCCAGCTGGCACACAACAGGGGCAGGGGAG,
GCAGACTGGTATAAGACAGGGTCAGAGAAG,
CATCTGAGGAACACAGCAGGGTCAGGGGAC,
TTTGGCTGGGGCACAGCAGGGTCTGGGAGT,
CCCTCCAGGCACACAGCAGGGTCCTGGGCA,
AAGAGCTGGCACCCAGCAGGGTCAGAGCAG,
CCTGCCTGAGACACGGTAGGGACAGGGAGC,
CAGAGCTGGTCAGTGGCAGGGTCAGGGTAG,
GGGTGCTGCAGCACGGCAGGGTCTGGGTAA,
TATTGCTGGTACAAAACAGGGTCTAAGGAA,
CAGAGCTGGCACACAGCAGAGCCAGGGCTG,
GAGGTCTGGTGCACGGCAGGGACTGGGCCC,
GAGAGCTGGGGCACAGCAGGGTTAGGGTTA,
ATCTTCTGCTACACGACAGGGCCAGGGCCA,
CAAGGCTGGTCCAAGGTGGGGTCAGGGAAG,
GCTTCCCGGTACGCTGCAGGGTCAGGGTCG,
TGCTTCAGGTACACGGCAGGGCCCTGGCCA,
TTGAGTTGGCACCTGGCAGGGTCAGGGAGG,
GAGCAATGGCACACGGTAGGGGCAAGGAGG,
AGGACCTGGCACACAGCAGGGTCTCAGTAA,
TATAGCTGGTAAGTGGTAAGGTCAAGGAGT,
CTCAGCTGGTACACGGCAGGGTCAGGGTTC,
AGTTGCTGTTACACAGCAGGGCCAGGGAGG,
AGGGACTGACACACGCCAGGGTCATGGGTG,
AGCCGCTGTCACACAGCAGGGTCTGGGTTG,
GGGAACTGGCACACTGCAGAGTCAAGGCGG,
CCCAGCTGGCACACAACAGGGGCAGGGGAG,
GAGCAATGGCACACGGTAGGGGCAAGGAGG,
GGTTCCTGGCACACAGCAGGCTCATGGTAG,
AAGAGCTGGCACCCAGCAGGGTCAGAGCAG,
GCTGACTGGTGCAAGGCAGGGTCGGGGCAG,
TCAGTGTGGCACACACCAGGGTCTTGGATG,
GGCTGCTGGGCCACGGCAGGGACAAGGCTT,
TGCCATTGGCACACAGCAGGGTCCTGGTGT,
CACAGCTGGTACACAGCAGGGTAGGGGCAT,
GCAGACTGGTATAAGACAGGGTCAGAGAAG,
GTTTGAGAATCAAAATCGGTGAATAGGCAG,
TAGGAAGAATCAATATCGTTAAAATGGCCA,
GTTTGAGAATCAAAATCGGTGAATAGGCAG,
GTTTGAGAATCAAAATCGGTGAATAGGCAG,
TACCTATACCTCCTTCCCCAGCCCCGGCTC,
AGAAGACACCTTCTTCCCCAGCCCAGGTAA,
AAGCAAAACCTCCTCCCCCAGCCCCGGCTC,
CACAGACTCCCCCTTCCCCAGCCCTGGCAC,
CACCAACACCTTCTTATCCAGCCCTGGTTG,
TTCTAACACTTTCTTCTCCAGCCCCGGACT,
AAGTGACACCTTCTTCCCCCAGCCCAGGTC,
GGGGAGCACCCCCTTCCCCAGCCCAGGGCA,
CCCTGGCACCCTCTCCCCCAGCCCTGGGCT,
GGCCCAGTCCTCCTTCCCCAGCCCTGGCTG,
TCCCCATTCCTCCTCCCCCAGCCCCGGTAA,
TCCAAACACCCACCTCCCCAGCCCAGGCTT,
GAATGCCTCCTCCTTCCCCAGCCCTGGTCT,
TTTAATCACCTTCTTCCCCAGTCCAGGGAT,
TTCCTCCATCCCCTTCCCCAGCCCTGGAGG,
CACTCCCACCTTCTTCCCCAGCCCCAGCAA,
GGCCCAGGCCTCCTTCCCCAGCCCAGGGTC,
GCTGGCCACCTCCTTCCCCAGCCTGGGAGT,
TTGTAGCACCACCTTCCCCAGCCCAAGGCA,
TTTAGACACCTCTTTCCCCAGCCTCTGGCA,
GTGGGGAACCTCCTGCCCCAGCCCGGGTGC,
TCCCTGTTCCTTCCTCCCCAGCCCAGGCTC,
GGTAAACACCTTTGTCCCCAGCCCTGGTAA,
TCATCGCACCTTCTTCCCCAGCCTTGGCAG,
TTGCAATGCCTCCTCCCCCAGCCCTGGCGA,
TCCAAACACCCCACTCCCCAGCCCTGGTAA,
TCACAACACCTCCCTCCCCAGCCCCAGGGT,
CGTCCTTTCCTCCTCCCCCAGCCCGGGCCC,
TTACGGCACCTGCTCCCCCAGCCCTGGGGA,
TGCGCCTTCCTCCTTTCCCAGCCCCGGCAA,
CAAGGACCCCTTCTTCCCCATCCCTGGCAT,
GGTTGACACCTCCCTCCCCACCCCAGGCCT,
TCCTCCTTCCTCCTCCCCCAGCCCTGGCAA,
CTCTGGCACCTTCCTCCCCAGCCTCAGGCA,
ACTCGACACCTCCCTACCCAGCCCCGGCCC,
CTCGCCCACCTCCTTCCCCATCCCTGGCTC,
TAGACCTCCCTCCTTCCCCAGCCTGGGATC,
TCCCAACACCCTCCTCCCCAACCCAGGCCC,
GAATGCCACCTCCTTCTCCAACCCAGGCTG,
GCTCCCACTCTCCTTCCCCAGCCCAGGGAG,
GCCAGGCACGCTCTTCCCCAGCCAGGGACC,
CGAGCACACCCCCCTCCCCAGCCCTGGCCA,
CCTGTTAACCTCCTTCCCCAGCTCCGGCTT,
CGATGCCACCTCCTTCCCCAGCCGCCGGTG,
TCTTGACTACTCCCTCCCCAGCCCAGGCCC,
ACTCCTCACCTCCTCCCCCAGCCCCAGCAC,
AGGAGGACCCTCCCTCCCCAGCCCAGGCCT,
TGGAGACACCTTCCTCCCCAGACCCAGGGC,
TCCCCATACCTCCCTCCCCAGCCCCTGGCA,
CCAGTGCACCTCCCTCCCCAGCTCCGGAGG,
CTTGGGGACCTCATTCCCCAGCCCTGGGGC,
CCTCAACTCCTCCTTCCCCAGCCTCTGGTG,
AGCTTCCACCTTCTCCCCCAGCCTGGGAAA,
GGAGGGCACCTTATTCCCCAGCCCCTGGCT,
CATGTGCACCATCTTCCCCAGCCTAGGAGG,
AGGCCCTCCCTTCTTCCCCAGCCAGGGCAT,
CCCTCACACCTACTTCCCCAGCACTGGGCA,
CCTAAATTCCTCCCTCCCCAGCCCAGGCAG,
AGCTGACACCTCCTTCCCCAAACCAGGCCA,
GGAACCCAGCTCCTTCCCCAGCCCAGGCCT,
GTCACGCTCCTCCTTCCCCAGCACAGGCAA,
CTCCATTTCCCTCTTCCCCAGCCCTGGTAA,
CCTAGGCACCTCCTCCCCCAGCCAGGGGCC,
TGAAGACACCTTCCACATCATCCCTAGCAG,
TTCTGCCTCCTCCTTCCCCAGTCCAGGCTC,
TCCTCCAGTCTTCTTCCCCAGCCCTGGTCT,
TCTCCATCACTTCTTCCCCAGCCCTGGCTG,
TACCTATACCTCCTTCCCCAGCCCCGGCTC,
AGAAGACACCTTCTTCCCCAGCCCAGGTAA,
AAGCAAAACCTCCTCCCCCAGCCCCGGCTC,
CACCAACACCTTCTTATCCAGCCCTGGTTG,
CACAGACTCCCCCTTCCCCAGCCCTGGCAC,
AAGTGACACCTTCTTCCCCCAGCCCAGGTC,
TTCTAACACTTTCTTCTCCAGCCCCGGACT,
GGGGAGCACCCCCTTCCCCAGCCCAGGGCA,
GGCCCAGTCCTCCTTCCCCAGCCCTGGCTG,
CCCTGGCACCCTCTCCCCCAGCCCTGGGCT,
TCCAAACACCCACCTCCCCAGCCCAGGCTT,
TCCCCATTCCTCCTCCCCCAGCCCCGGTAA,
GAATGCCTCCTCCTTCCCCAGCCCTGGTCT,
TTTAATCACCTTCTTCCCCAGTCCAGGGAT,
TTGTAGCACCACCTTCCCCAGCCCAAGGCA,
TTTAGACACCTCTTTCCCCAGCCTCTGGCA,
TTCCTCCATCCCCTTCCCCAGCCCTGGAGG,
GGCCCAGGCCTCCTTCCCCAGCCCAGGGTC,
GGTAAACACCTTTGTCCCCAGCCCTGGTAA,
GCTGGCCACCTCCTTCCCCAGCCTGGGAGT,
TGGAGACACCTTCCTCCCCAGACCCAGGGC,
CACTCCCACCTTCTTCCCCAGCCCCAGCAA,
TCATCGCACCTTCTTCCCCAGCCTTGGCAG,
TGCGCCTTCCTCCTTTCCCAGCCCCGGCAA,
TTGCAATGCCTCCTCCCCCAGCCCTGGCGA,
ACTCGACACCTCCCTACCCAGCCCCGGCCC,
CGTCCTTTCCTCCTCCCCCAGCCCGGGCCC,
TCACAACACCTCCCTCCCCAGCCCCAGGGT,
TCCAAACACCCCACTCCCCAGCCCTGGTAA,
TCCCTGTTCCTTCCTCCCCAGCCCAGGCTC,
TCCCAACACCCTCCTCCCCAACCCAGGCCC,
AGGAGGCACCTACCTCTCCAGCCCTGGTTC,
ACTCCTCACCTCCTCCCCCAGCCCCAGCAC,
TTACGGCACCTGCTCCCCCAGCCCTGGGGA,
CTTGTACACCTCCTCCCCCAGCCTGGGGGT,
CCCTCACACCTACTTCCCCAGCACTGGGCA,
ACCCTCCACCTCCTGCCCCAGCCCAGGTTG,
AGCTTCCACCTTCTCCCCCAGCCTGGGAAA,
GCTCCATCCCTCCTTCCCCAGCCCGAGCTG,
AGCTGACACCTCCTTCCCCAAACCAGGCCA,
CGATGCCACCTCCTTCCCCAGCCGCCGGTG,
TCCTCCTTCCTCCTCCCCCAGCCCTGGCAA,
TTCTGCCTCCTCCTTCCCCACCCCAGGAGC,
GTCACGCTCCTCCTTCCCCAGCACAGGCAA,
CAAGGACCCCTTCTTCCCCATCCCTGGCAT,
GCTCCCACTCTCCTTCCCCAGCCCAGGGAG,
TCTTGACTACTCCCTCCCCAGCCCAGGCCC,
TGAAGGCTCTTCCTTCCCCAGCCCAGGCAA,
CTCAGGTTCCTCCTTCCCCAGCCCCAGGCT,
CTCTGGCACCTTCCTCCCCAGCCTCAGGCA,
CTCGCCCACCTCCTTCCCCATCCCTGGCTC,
CCTAAATTCCTCCCTCCCCAGCCCAGGCAG,
CCAGTGCACCTCCCTCCCCAGCTCCGGAGG,
GCCAGGCACGCTCTTCCCCAGCCAGGGACC,
CATGTGCACCATCTTCCCCAGCCTAGGAGG,
CTCCCACACCCTCGTCCCCAGCCCAGGCCT,
GGAGGGCACCTTATTCCCCAGCCCCTGGCT,
CTTGGACACCCTCCTCCCCCGCCCAGGCAA,
CAGAGCCACCCCCTCCCCCAGCCCTGGCTG,
TCCTGTCCCTAGTGGCCCCACTGTGGGGTG,
GAAGATCCCAAATGACCCCACTGTAGGAGT,
CCAGGTCCCCAGCTGCCCCACTGTGGGCAG,
TGTGGACCCCAGAGACCCCATTGTGGGTCT,
GCGGTTCCCCTGGGGCCCCACTGTGGGCCC,
GGCTGTCTCTACTGACCTCACTGTGGGTCA,
TCTTCATCCCAGTGACCCCACTCTAGGACA,
TGTTGTCCCCAAAGCCCCCACTGTGGGAAA,
TTTTGGTACCAGTGACCTCACTGTGGGTGG,
CCAAGGTCCCTGTGTCCCCACTGTGGGGTG,
ATGTGTCCACCGTGGCCCCACTGTGGGACT,
CCCTTTCCCAAGTAGCTCCACTGTAGGACA,
TTCAATCCCCAGTGACCCCACAGTGAGTGA,
GAGGCCATCTAGGGACCCCACTGTAGGTCA,
CTTTGCCCCTAGAGGTCCCACTGTGAGTGC,
TCAGGCCCCCACAGGCCCCACTGAGGGCTA,
GTGGGTCCCCAGTGGCTCCACTCTGGGTCT,
CACCTTCCCTATAGGCCCCACTATTGGTAG,
GCAGATTCCCAGAGCCCCCACTGTGGGTCA,
ACAGGGCCATAGGGACCCCACTGTTGGTGC,
CACAGGTCCCAGTGGCCCCATAGTGGGGCA,
ATGGTTATCTAGTGGCCCCAGTGTGGGAAG,
TTAAAGTCCTAATGGCCCCACTGTTGCCAA,
GTCCTGTCCTAGTAACTCCACTGTTGGACG,
TACCGTCCCTAAGGCCTCCACTGTAGGAAG,
TGGTGCCCCATGTGGCCCCACTGTGGCCAC,
TTGAGCCCCAAGAGGCCCCACTGGTGGGAA,
TCGCAGCCCAAGTGACCCCACAGTTGGGCA,
GAGCATCCCCAGGGGCCCCACTTTAGGCAG,
CTGGGTCCCCAGTGGTCACACTGTGGGAGC,
CCTTCTACCTAGTCTCCCCACTGTAGGGTT,
GCTGGCCTCCAGAGCCTCCACTGTGGGTCC,
ATCTGCCCCCAGTGACTTCACTGTAGGAAG,
GCGAATCAGGAGGGACCCCACTGTGGGTAG,
AAGAGGAATGAGGTACATGGACACTGGAGA,
CCGTGGTCTGAAGGCCAAGGACACTGGGTT,
TCTGTTTCTGAAGGCCATGGACACTGGCAA,
CTGGGGACTGACAGCCAAGGACACAGGGAC,
AATTGGACACAGGGCCTTGGACACAGGGAA,
GACTCTTTTGAGGGCCATGGACTCAGGAGG,
TGGAGAGATGAGGGCCATGGACTCGGGGGA,
AAGAAGAATAAGGGACATGGACACTGGAGA,
CCAAGGACTGAGGGCCATGGACACGGGACT,
GTCCCAGCTGAGGGCCAAGGACACTGGCAG,
GGGAACAATGAGGGACATGGACACGGGAAG,
AGTCAGACTGTGGGCCATGGACCTGGGCGT,
ACAGAGAGTGAAGGCCATGAACACAGGCTC,
AAGAGGAATGAGGAACATGGACACCGGAGA,
AAGAGGAATGAGGCCCATGGACACTGGAGA,
TGCCGGACTGAGAGCTATGAACACAGGAGA,
TGCAGGGCTGAGGACCAAGGACACAGGATG,
CAGGGGACTGAGGTACATGGACACCTGGAG,
GTGCAGACTGAAGGCCATGGACACCTGGGG,
CACTGGACTGGGGGCCTTGGACACAGGTCC,
ATGGAGACAGAGGGCTATGGGCACAGGAGG,
ATAGGGACAGAGGGCCCTGGACACAGGAGC,
ATCAAAAGGCAGGGACCCTGGAGTGGGCAG,
CTCTGAATACTGACACCCTGGAGGGGGTCC,
AGCCGAGGGCTGAGAGCCTGGAGCGGGAAG,
CCCCAAAGGCTGTACTCCTGGAGCAGGCAA,
CTGACAAGCCTTAGACCCTGGAGGAGGGGA,
AAGTGAAGACTGTGACCCTGGAGGGTGTTG,
GGAACTAGGATGAGATCATGGAGGAGGGAG,
GAAAGGTGGCTGAGATTCTGGAGAAGGAAG,
CAGCCCAGGCTGACTCCCTGGAGGTGGCTT,
TAGGGAATGCTGAGACCCTGCAGGTGGACT,
GACTGATGGGGCAGATCCTGGAGGAGGCCG,
CCAAGGAGGCTGGGACCTTGGAGGGGGTTC,
GGAGGAAGGCAGAGTCCCTGGAGGGGAAGG,
TGTCCTAGGCAGAGATCATGGAGGAAGTAG,
CTTGGAAGGCTTGAACCCTGGAGGAGGAGA,
ACGTAAAGTCTGAGACCCTGGAGGCAGGGT,
TTCCAAGGGCTGAGATCCTAGAGGTAGGAA,
CGCAGAAGGCTGAGATCCTGGAGGGGGATT,
GGAGAATGGCTCAGACCCAGGAGGTGGAGG,
ACAGGAATGCTGAGATGCTGGAGGAGGCTA,
TTTTAAAAGGTGAGAACCTGGAGGTGGTTT,
ACCGCTAGGCTGAGCTCCTGGAGGGGGCAT,
GATGAATGGCTGAAACCCTGGAGGGGGAGG,
GGCAGCAGGCTGGGAACCTGGAGGAGGCCA,
GGACCCAGGGAGAGACCCTGGAGAAGGTCC,
GCCAAATGGCTGGAACCCTGGAGGAGGAGC,
CAGAGAAGGCTGGAGCCCTGGAGGTGGGCT,
GGAGAAAGGCTCAGATCCCAGAGGAGGGCA,
ACCAAAGGACAGAGACCCTGGAGGGGGAGG,
GGGGGAGGACTGAGAACCTGGGGGTGGTTG,
AGGAGAAGGCTCAAATCCTGCAGGAGGATA,
AGAGAAAGAGAGAGACCCAGGAGGAGGAGG,
GTCTGCAGGCAGAGACCCTGGAGGGGCAGT,
TTCCCCAGGCTGAGACCATGGAGGAGGGCA,
TGCAGAAAGATGAGATCCAGGAGGAGGAGG,
GTGGGGAGGCTGGGACCCTGGGGGAGGGGT,
TCGGCGAGGATGACAACCTGGAGGAGGGGG,
AGGGAATGGCTGACGTCCTGGAGGGGGCGG,
AAAACAAGAGAGAGACCCTGGAGGAGGAGG,
AAAGAAAGGCCAAGATCCTGGAGAGGAAAG,
CAAATCAGGCTGAGGTCCTGGAGGGAGAGA,
TGGCCGAGGGTGAGAACCTGGAGGTGGTTA,
AACCGAAGGCAGAGATCCTGGACCGGGGCG,
GTGAAAGGGCAGAGACCCTGGAAGTGGAGG,
TGCAGATGGCAGAGAACCTGGAGGTGAACT,
AGCAGATGGCAGAGACCCTGGAGCAGGGCA,
CCACGAAGGCTTAGGACCTGGAGGGAGGAC,
TGCCCCAGCCTGAGACCCTGGAGGAGGACC,
TGGAGAAGGAGGAGACCCTGGAGGTGGATT,
ACTGAAAGAGTGAGAACCTGGAGAGGGAAG,
TGCAGGAGGGTGAGATCCTGAAGGGAGAAA,
AATTACAGTCTGAGATCCTGGAGAAGGTAA,
GGCAGAGGGCTGAGTCTCTGGAGGAGGGAG,
CCCGGCAGACCAAGATCCTGGAGGAGGACC,
GGTAGAAGGCAGACTTCCTGGAGGAGGTGA,
AGGTGAGGGCAGAGATCCTGCAGGAGGCTC,
AGTGAAAGGTAGGGATCCTGGAAGGGGAAC,
CTCGGTAGGCTGAGGCCCAGGAGGTGGAGA,
ACACAAGGGCTGAGTTCCTGGAGGGGGTTA,
GCCGGAAGTCTGAGATCCAGGAATCGGCAG,
CAACTAAGGCAGAGACCCTAGAGGAGGCAA,
GGGAGAAGGGTGAGGTCCTGGAGGAAGCAA,
GAGAAAGGGCTGAGAACCCGGAGGCGGCGG,
CTGGGGAGGGTGAGATCCTGGAGCAGGAAT,
CTCACAAGGCTGAGGGCCTGGAGGAGGCTG,
AACAGAAGACAGAGACACTGGAGGAGGCCA,
GAGCCAGGGCTGAGATCCCGAAGGCGGGCG,
CCAGGGAGGCTGAGGCCCTGGAGGCAGAGG,
TCCAGAAGGCAGAGGTCCTGGAGGCAGAAT,
AGCTCAGGGGAGAGATCCTGGAGGAGGACC,
CACAGAAGGAGGAGATCCCGGAGGAGGAGC,
CGGCATAGGCAAAGACCCTGGAGGTGGGAA,
GGTGGCAGGGCCAGATCCTGGAGAGGGCTT,
TTACTGAGACAGAGACCCTGGAGGAGGATT,
TGGAAAAAGCTGAGATCCAGGAGGAGACCT,
GTGTGGAGACTGAGACCCTGAAGGAGGCAG,
CTCAGGAGGCTGAGATCCAGGAGGCGGAGC,
GTGCAAAGGATGAGAATCTGGAGGAGGAGG,
GCAGAAGGTATGAGAACCTGGAGGAGGTTG,
GTGAGAAAGCTGTGGTCCTGGAGGAGGAGG,
TCCCAGAGGCTGAGGGCCTGGAGGTGGTGC,
TGATAAAGTGTGAGAACCTGGAGGGGGATC,
CTGAGAAGACTGAGTTCCTGGAGGGGAGTG,
CCCGAGAGGCTGAGAACCTGGAGAGGGCAG,
ACACTGAGGATGGGATCCTGGAGGTGGTGG,
CTCTGAAGGCTGAGATCCTGGAGGAGCTTG,
TGCTGAAGGTAAAGATCCAGGAGGGAGGCA,
TGTTAAAGCCAGAGACCCTGGAGGAAGAAG,
GTGGAGAGGCTGAAACTCTGGAGGAGGAGG,
AAAAAGGCACTGAGACCCTGGAGGTGGAGC,
TGTGGAAGGTGAGGATCCTGGAGGAGGCTG,
AGGACAAGCCCAAGATCCTGGAGGAGGCTC,
ATTCCAAAACTGAGATCCTGGAGGGAGGGT,
ACCTGACCGCTGAGATCCTGGAGCTGGCTG,
TTTGAAGGCCTGAGAACCTGGAGGGAGCTC,
GTTTTCAGGATGAGAACCTGGAGGAGGTCT,
GGCCGAGGGCTGGGATCCTAGAGATGGAGT,
TTTTTAAGGCACAGATCCTGGAGCCGGATG,
TGCTGACTGCTGAGATCCTGGAGGGAGGCA,
GGACGGAGGCTGAGATCCTGGAGGCAGAGG,
GGATAGAGTCTGAGAACCTGGAGGAGGCCA,
CAGGGGAGGCTGGGATCCTGCAGGAGGCAC,
GGAGGGAGGCTGAGAAGCTGGAGGAGGCAG,
TGCGGGAGGCTGGGATCCTGGGGGAGGCGA,
TTTGAAAGGCCAAGATCCTGAAGAGAGGGG,
GCTCTTAGGCAGAGACCCTGGAGCTGGCTT,
AGCGGAAGGTTTGAATCCTGGAGGTGGGGT,
CAAATATGGCTAAGATTCTGGAGGAGGAAA,
TGCTGAAGAGAGAGACTCTGGAGGTGGTTG,
GCTGGGAGGCTGAGACCCTGGAGGCAGAGG,
GGGTCCTGGCTGGGATCCTGGAGTGGGAGA,
CGTCAAAGGCTGAAGCCCTGGAGGAGGAAT,
ACCTGAAGGATGGGACCCAGGAGGAGGCCA,
GCATGAAGGAAGGCATCCTGGAGGAGGAGA,
TGGCGAAAGGTAAGACCCTGGAGGTGGCAA,
GAGACCTGGCTGAGATACTGGAGGGGGCAT,
ATGGACAGGCTGAAACCCTGGAGCAGGAGC,
AGCTGCAGGATGAGCTCCTGGAGGTGGTCT,
TTTCAGAGACTGAGATACTGGAGGTGGCAA,
AGCTGAAGCCCGAGACCCTGGAGCTGGAAG,
GACAGTCAGGCCTCCGGATAACTGCGGGCG,
AGTACTCAGGGATCTGGATACCTGTGGTCC,
CCAAGTGGGGGCACTGGATATCTGTGGGAG,
ACTGCGCAAGGTCCTGGATATATGGGGGTG,
GACGGTTAGGCCTCCGGATAACTGCGGGCG,
CCAAGACAGGGTTCTGAAAATCTGGGGCTT,
AGAGAACAGGCTTCCAGATATCTGAGGCTG,
GACGGTCAGGCCTCCAGATAACTGCGGGTG,
CAGGGTCAGGGTTCTGGATATCTGTGGGAC,
TCAGGCCAAGGCACTGGATAGCTGAGGTTG,
GACGGTTAGGCCTCCGGATAACTGCGGGTG,
GATGGTTAGGCCTCCGGATAACTGCGGGCG,
CCTGCGTCGGGCTCTGGATAACTGGGGGCG,
GACGGTTAGGCCTCCGGATAACTGCGGGCG,
GGGAGACAGGCCTCTGGATAACTGCGGGTG,
GATGGTCAGGCCTCTGGATAACTGCGGGTG,
GATGGTCAGGCCTCTGGATAACTGCGGGCG,
GCCGGTTAGGCCTCCGGATAACTGTGGGCC,
GATGGTTAGGCCTCTGGATAACTGCGGGTG,
AGGTTTCAGGGCTCTGGATATCTGTGCTTC,
ATGCTGAAGGGTACTAGATATCTGGGGTAC,
GACGGTTAGGCCTCTGGATAACTGCGGGCG,
AATACAATAGGTTCTGGATATCTGTGGCAG,
CAGGGATCAGGATCTGGATATCTGTGGGAG,
ACAAGCCAGGAGTCAGGATATCTGGGGTTC,
GACGGTTAGGCCTCTGGATAACTGCGGGCG,
CTGGGTCAAGGTTCCAGACATCTGAGGCAC,
AAGCTACAGGGCCCTGGAAATCTGGGGACC,
GATAGTTAGGCCTCTGGATAACTGCGGGCG,
CCAACTGAGGGTTCTGGATATCTGAAGACC,
GAATGCCAAAGTTCTAGATATCTGGGGTAA,
GGGAGACAGGCCTCTGGATAACTGCGGGCG,
GTGTGCCAGGCTCCTGGATATCAGTGGCTA,
GACGGTTAGGCCTCTGGATAACTGCGGGCA,
GAGGGTTAGGCCTCCGGATAACTGCGGGCG,
